,make,year,price,cylinders,fuel,mileage,body,doors,drivetrain,engine_liters,is_turbo,is_hybrid,valve_count,age,trim_cleaned,model_cleaned,gears,transmission_type
0,14,2024,74600.0,6.0,4,10.0,5,4.0,1,3.6,1,0,24.0,0,44,23,8.0,0
1,14,2024,50170.0,6.0,4,1.0,5,4.0,1,3.6,0,0,16.0,0,20,8,8.0,0
4,22,2024,81663.0,6.0,0,10.0,4,4.0,1,3.6,1,0,24.0,0,18,1,6.0,0
6,14,2024,63862.0,6.0,4,5.0,5,4.0,3,3.6,1,0,24.0,0,7,23,8.0,0
7,8,2024,89978.0,8.0,0,15.0,4,4.0,1,3.6,1,0,32.0,0,25,17,10.0,0
8,12,2024,42230.0,4.0,5,5.0,5,4.0,0,3.6,1,1,16.0,0,22,22,6.0,0
9,14,2024,42773.0,6.0,4,20.0,5,4.0,1,3.6,0,0,16.0,0,6,8,8.0,0
10,14,2024,37743.0,4.0,4,0.0,5,4.0,1,3.6,1,0,16.0,0,21,4,8.0,0
12,12,2024,43419.0,4.0,4,1.0,4,4.0,0,3.6,1,0,16.0,0,25,18,8.0,0
13,14,2024,44022.0,6.0,4,12.0,5,4.0,1,3.6,0,0,16.0,0,6,8,8.0,0
14,5,2024,51695.0,0.0,3,4.0,5,4.0,0,3.6,0,0,16.0,0,25,17,1.0,0
15,12,2024,38574.0,4.0,4,12.0,4,4.0,0,3.6,1,0,16.0,0,4,18,8.0,0
17,8,2024,53190.0,4.0,4,15.0,5,4.0,1,3.6,1,0,16.0,0,25,17,10.0,0
19,25,2024,24348.0,4.0,4,13.0,6,4.0,2,3.6,0,0,16.0,0,0,17,8.0,0
21,7,2024,39491.0,4.0,5,5.0,5,4.0,0,3.6,1,1,16.0,0,30,11,6.0,0
22,12,2024,30305.0,4.0,4,11.0,5,4.0,2,3.6,0,0,16.0,0,36,17,8.0,0
23,9,2024,44120.0,4.0,4,0.0,5,4.0,0,3.6,0,0,16.0,0,10,17,8.0,0
24,12,2024,33160.0,4.0,4,1.0,4,4.0,0,3.6,0,0,16.0,0,3,18,8.0,0
25,8,2024,40940.0,4.0,4,7.0,5,4.0,3,3.6,1,0,16.0,0,52,17,10.0,0
26,14,2024,34084.0,4.0,4,12.0,5,4.0,1,3.6,0,0,16.0,0,22,4,8.0,0
27,6,2024,48705.0,6.0,4,5.0,3,4.0,0,3.6,0,0,24.0,0,25,17,9.0,0
28,5,2024,52190.0,0.0,3,6.0,5,4.0,0,3.6,0,0,16.0,0,25,17,1.0,0
29,22,2024,58855.0,8.0,4,0.0,4,4.0,1,3.6,0,0,16.0,0,47,0,8.0,0
30,21,2024,39867.0,6.0,4,2.0,5,4.0,2,3.6,0,0,24.0,0,40,17,8.0,1
31,8,2024,53595.0,6.0,2,10.0,0,3.0,3,3.6,0,0,24.0,0,25,17,8.0,0
33,15,2024,49820.0,0.0,3,13.0,5,4.0,0,3.6,0,0,16.0,0,12,17,8.0,0
34,25,2024,27175.0,4.0,4,5.0,6,4.0,2,3.6,0,0,16.0,0,25,17,8.0,0
35,8,2024,47790.0,0.0,3,5.0,5,4.0,0,3.6,0,0,16.0,0,27,16,1.0,0
36,5,2024,58610.0,8.0,4,0.0,4,4.0,1,3.6,0,0,16.0,0,25,19,8.0,0
37,15,2024,29640.0,4.0,4,16.0,5,4.0,0,3.6,0,0,16.0,0,11,17,8.0,1
38,5,2024,43727.0,6.0,4,9.0,5,4.0,0,3.6,0,0,24.0,0,25,17,9.0,0
39,9,2024,35870.0,4.0,4,0.0,5,4.0,0,3.6,0,0,16.0,0,25,17,8.0,0
40,22,2024,64670.0,6.0,0,15.0,4,4.0,1,3.6,1,0,16.0,0,47,1,8.0,0
41,14,2024,46973.0,4.0,4,10.0,5,4.0,1,3.6,1,0,16.0,0,25,17,8.0,0
42,14,2024,54905.0,4.0,5,1.0,5,4.0,1,3.6,1,1,16.0,0,49,9,8.0,0
43,19,2024,50915.0,4.0,5,7.0,5,4.0,0,3.6,0,1,16.0,0,26,2,8.0,0
44,0,2024,65595.0,6.0,4,16.0,5,4.0,0,3.6,0,0,24.0,0,25,15,10.0,0
45,14,2024,28860.0,4.0,4,7.0,5,4.0,1,3.6,1,0,16.0,0,21,4,8.0,0
46,7,2023,46835.0,8.0,4,21.0,5,4.0,0,3.6,0,0,16.0,1,29,5,8.0,0
47,23,2024,44354.0,4.0,4,5.0,5,4.0,0,3.6,1,0,16.0,0,25,17,8.0,1
48,25,2024,51721.0,4.0,4,11.0,5,4.0,0,3.6,0,0,16.0,0,25,17,8.0,0
49,12,2024,44195.0,0.0,3,14.0,5,4.0,3,3.6,0,0,16.0,0,25,12,1.0,0
50,1,2024,86670.0,0.0,3,5.0,5,4.0,0,3.6,0,0,16.0,0,25,17,8.0,0
51,25,2024,24348.0,4.0,4,6.0,6,4.0,2,3.6,0,0,16.0,0,0,17,8.0,0
52,12,2024,38870.0,4.0,5,14.0,6,4.0,2,3.6,0,1,16.0,0,22,17,6.0,0
53,15,2024,52388.0,0.0,3,1.0,5,4.0,3,3.6,0,0,16.0,0,25,17,1.0,0
54,7,2024,58709.0,8.0,4,15.0,5,4.0,0,3.6,0,0,16.0,0,30,5,8.0,0
55,7,2024,42855.0,4.0,4,5.0,5,4.0,0,3.6,0,0,16.0,0,25,11,6.0,0
56,7,2024,34990.0,4.0,4,10.0,5,4.0,0,3.6,1,0,16.0,0,12,11,9.0,0
57,15,2024,34835.0,4.0,5,9.0,5,4.0,0,3.6,0,0,16.0,0,11,17,8.0,0
58,9,2024,35870.0,4.0,4,0.0,5,4.0,0,3.6,0,0,16.0,0,25,17,8.0,0
59,8,2024,69955.0,6.0,4,8.0,5,4.0,1,3.6,1,0,24.0,0,52,17,10.0,0
60,7,2024,39581.0,4.0,5,5.0,5,4.0,0,3.6,1,1,16.0,0,30,11,6.0,0
61,25,2024,49166.0,4.0,4,0.0,5,4.0,0,3.6,1,0,16.0,0,25,17,8.0,0
62,12,2024,55365.0,0.0,3,10.0,5,4.0,3,3.6,0,0,16.0,0,22,12,1.0,0
63,14,2024,51360.0,6.0,4,5.0,5,4.0,3,3.6,0,0,24.0,0,22,10,8.0,0
64,12,2024,40474.0,4.0,4,5.0,5,4.0,0,2.5,0,0,16.0,0,22,17,8.0,0
65,2,2024,89450.0,6.0,4,10.0,5,4.0,0,3.6,1,0,24.0,0,25,17,8.0,0
66,14,2024,28860.0,4.0,4,7.0,5,4.0,1,3.6,1,0,16.0,0,21,4,8.0,0
68,12,2024,42015.0,0.0,3,7.0,5,4.0,0,3.6,0,0,16.0,0,35,12,1.0,0
69,21,2024,24500.0,4.0,4,10.0,5,4.0,2,3.6,0,0,16.0,0,40,13,8.0,1
70,3,2024,27075.0,3.0,4,6.0,5,4.0,2,3.6,1,0,12.0,0,26,17,6.0,0
71,0,2024,51645.0,6.0,4,5.0,5,4.0,2,3.6,0,0,24.0,0,7,15,10.0,0
72,21,2024,35975.0,3.0,4,4.0,5,4.0,0,1.5,0,0,16.0,0,40,17,8.0,0
73,14,2024,63057.0,6.0,4,5.0,5,4.0,1,3.6,1,0,24.0,0,7,23,8.0,0
74,21,2024,36405.0,3.0,4,5.0,5,4.0,0,1.5,0,0,16.0,0,40,17,8.0,0
75,14,2024,86137.0,6.0,4,5.0,5,4.0,1,3.0,0,0,16.0,0,25,24,8.0,0
76,15,2024,27969.0,4.0,4,0.0,5,4.0,2,3.6,0,0,16.0,0,34,20,8.0,0
77,0,2024,51645.0,6.0,4,5.0,5,4.0,2,3.6,0,0,24.0,0,7,15,10.0,0
78,22,2024,63223.0,6.0,0,13.0,4,4.0,1,3.6,1,0,24.0,0,47,1,8.0,0
80,21,2024,46000.0,6.0,4,5.0,5,4.0,0,3.6,0,0,24.0,0,25,17,8.0,1
82,21,2024,41180.0,3.0,4,3.0,5,4.0,0,1.5,0,0,16.0,0,25,17,8.0,0
83,7,2024,44720.0,4.0,5,5.0,5,4.0,0,3.6,1,1,16.0,0,30,11,6.0,0
84,14,2024,49390.0,6.0,4,5.0,5,4.0,1,3.6,0,0,16.0,0,22,10,8.0,0
85,14,2024,28860.0,4.0,4,9.0,5,4.0,1,3.6,1,0,16.0,0,21,4,8.0,0
87,3,2024,31805.0,3.0,4,5.0,5,4.0,2,3.6,1,0,12.0,0,25,17,6.0,0
88,7,2024,44160.0,6.0,4,12.0,5,4.0,3,3.6,0,0,24.0,0,12,5,8.0,0
89,12,2024,28469.0,4.0,4,0.0,6,4.0,0,3.6,0,0,16.0,0,36,17,8.0,0
90,22,2024,58930.0,6.0,0,13.0,4,4.0,1,3.6,1,0,24.0,0,47,1,6.0,0
91,9,2024,35236.0,4.0,4,0.0,5,4.0,0,3.6,1,0,16.0,0,25,17,9.0,0
92,14,2024,60555.0,6.0,4,5.0,5,4.0,3,3.6,1,0,24.0,0,7,23,8.0,0
93,8,2024,38740.0,4.0,4,5.0,4,4.0,1,3.6,1,0,16.0,0,25,17,10.0,0
95,22,2024,66334.0,6.0,0,6.0,4,4.0,1,6.7,0,0,16.0,0,48,1,8.0,0
96,1,2024,73020.0,4.0,4,12.0,5,4.0,0,3.6,0,0,16.0,0,25,17,7.0,0
97,22,2024,89555.0,6.0,0,12.0,4,4.0,1,3.6,1,0,24.0,0,18,1,8.0,0
98,22,2024,65315.0,6.0,0,9.0,4,4.0,1,3.6,1,0,24.0,0,47,1,6.0,0
99,19,2024,58599.0,4.0,6,8.0,5,4.0,0,3.6,0,0,16.0,0,28,2,8.0,0
100,8,2023,50473.0,0.0,3,12.0,5,4.0,0,3.6,0,0,16.0,1,12,16,1.0,0
101,7,2024,47234.0,4.0,5,0.0,5,4.0,0,3.6,1,1,16.0,0,31,11,6.0,0
102,5,2024,44161.0,4.0,4,2.0,4,4.0,1,3.6,1,0,16.0,0,25,19,8.0,0
103,5,2024,49496.0,8.0,4,2.0,4,4.0,1,3.6,0,0,16.0,0,16,19,8.0,0
104,5,2024,43475.0,4.0,4,2.0,4,4.0,1,3.6,1,0,16.0,0,25,19,8.0,0
105,7,2023,36083.0,6.0,4,20.0,6,4.0,3,3.6,0,0,24.0,1,42,3,8.0,0
108,14,2024,28867.0,4.0,4,1.0,5,4.0,1,3.6,0,0,16.0,0,21,4,8.0,0
109,11,2024,42005.0,4.0,5,1.0,5,4.0,0,3.6,0,1,16.0,0,25,17,8.0,1
110,12,2024,45005.0,0.0,3,12.0,6,4.0,3,3.6,0,0,16.0,0,36,17,8.0,0
111,12,2024,35864.0,4.0,5,5.0,5,4.0,0,3.6,1,1,16.0,0,37,22,6.0,0
112,14,2023,30000.0,4.0,4,0.0,5,4.0,1,3.6,0,0,16.0,1,21,4,8.0,0
113,15,2024,34000.0,4.0,4,10.0,5,4.0,0,3.6,0,0,16.0,0,51,20,8.0,0
114,14,2024,29342.0,4.0,4,6.0,5,4.0,1,3.6,0,0,16.0,0,45,4,8.0,0
116,1,2024,83630.0,0.0,3,5.0,5,4.0,0,3.6,0,0,16.0,0,27,17,8.0,0
117,14,2024,59456.0,6.0,4,15.0,5,4.0,1,3.6,0,0,16.0,0,25,17,8.0,0
118,14,2024,39714.0,6.0,4,14.0,5,4.0,1,3.6,0,0,16.0,0,20,8,8.0,0
119,5,2024,49628.0,8.0,4,2.0,4,4.0,1,3.6,0,0,16.0,0,16,19,8.0,0
121,20,2024,79765.0,0.0,3,9.0,6,4.0,3,3.6,0,0,16.0,0,7,17,1.0,0
122,7,2023,65075.0,8.0,4,18.0,6,4.0,3,3.6,0,0,16.0,1,25,3,8.0,0
123,14,2024,38980.0,4.0,4,9.0,5,4.0,1,3.6,1,0,16.0,0,22,4,8.0,0
124,12,2024,49905.0,4.0,4,1.0,5,4.0,0,3.6,1,0,16.0,0,25,17,8.0,0
125,14,2024,58235.0,4.0,4,3.0,5,4.0,1,3.6,1,0,16.0,0,25,9,8.0,0
126,25,2024,27998.0,4.0,4,3.0,5,4.0,0,3.6,1,0,16.0,0,1,21,7.0,0
127,5,2024,25515.0,4.0,4,8.0,5,4.0,2,3.6,0,0,16.0,0,25,6,6.0,0
128,23,2024,39934.0,4.0,4,5.0,5,4.0,0,3.6,0,0,16.0,0,27,17,1.0,0
129,14,2024,66960.0,4.0,5,5.0,5,4.0,1,3.6,1,1,16.0,0,33,25,8.0,0
130,19,2024,53395.0,4.0,4,5.0,5,4.0,0,2.5,0,0,16.0,0,7,2,8.0,0
131,12,2024,61775.0,0.0,3,12.0,5,4.0,0,3.6,0,0,16.0,0,25,12,8.0,0
132,22,2024,53272.0,6.0,4,1.0,0,3.0,2,3.6,0,0,24.0,0,14,17,9.0,0
133,18,2024,51361.0,4.0,4,3.0,5,4.0,0,3.6,1,0,16.0,0,25,17,8.0,0
134,9,2024,44595.0,6.0,4,3.0,0,3.0,3,3.6,0,0,16.0,0,25,17,8.0,0
135,6,2024,60600.0,6.0,5,10.0,3,4.0,2,3.6,0,1,24.0,0,25,17,8.0,1
136,7,2024,38575.0,4.0,4,10.0,5,4.0,0,3.6,1,0,16.0,0,12,11,9.0,0
137,0,2024,69850.0,0.0,3,0.0,5,4.0,0,3.6,0,0,16.0,0,25,17,8.0,0
138,21,2024,31225.0,4.0,4,6.0,6,4.0,2,3.6,0,0,16.0,0,25,17,8.0,1
139,12,2024,32520.0,4.0,5,11.0,6,4.0,2,3.6,0,1,16.0,0,36,17,6.0,0
140,7,2023,35821.0,6.0,4,20.0,6,4.0,3,3.6,0,0,24.0,1,42,3,8.0,0
142,7,2024,36532.0,4.0,4,14.0,5,4.0,0,2.0,0,0,16.0,0,13,11,9.0,0
143,14,2024,61506.0,4.0,4,3.0,5,4.0,1,3.6,1,0,16.0,0,25,9,8.0,0
144,19,2024,59625.0,4.0,4,2.0,5,4.0,0,2.5,0,0,16.0,0,7,2,8.0,0
146,7,2024,35480.0,4.0,4,0.0,5,4.0,0,2.0,0,0,16.0,0,25,11,8.0,0
147,14,2024,31200.0,4.0,4,11.0,5,4.0,1,3.6,1,0,16.0,0,21,4,8.0,0
148,14,2024,54835.0,4.0,4,11.0,5,4.0,1,3.6,1,0,16.0,0,25,25,8.0,2
149,14,2024,52115.0,6.0,4,13.0,5,4.0,1,3.6,0,0,24.0,0,22,8,8.0,0
150,25,2024,32011.0,4.0,4,11.0,5,4.0,2,3.6,0,0,16.0,0,1,21,8.0,0
153,25,2024,30383.0,4.0,4,13.0,5,4.0,2,3.6,1,0,16.0,0,1,21,8.0,0
154,4,2024,46890.0,4.0,4,10.0,5,4.0,2,3.6,1,0,16.0,0,23,17,9.0,0
155,14,2024,37729.0,6.0,4,10.0,5,4.0,1,3.6,0,0,16.0,0,20,8,8.0,0
156,14,2024,53535.0,4.0,5,4.0,5,4.0,1,3.6,1,1,16.0,0,45,25,8.0,0
157,7,2023,37490.0,6.0,4,20.0,6,4.0,3,3.6,0,0,24.0,1,42,3,8.0,0
158,7,2024,44600.0,4.0,5,5.0,5,4.0,0,3.6,1,1,16.0,0,31,11,6.0,0
159,7,2024,45038.0,6.0,4,5.0,5,4.0,0,3.6,0,0,24.0,0,12,5,8.0,0
160,0,2024,56155.0,6.0,4,3.0,5,4.0,0,3.6,0,0,24.0,0,46,15,10.0,0
161,14,2024,60972.0,6.0,4,12.0,5,4.0,1,3.6,0,0,16.0,0,33,17,8.0,0
162,14,2023,53796.0,6.0,4,0.0,4,4.0,1,3.6,0,0,24.0,1,33,17,8.0,0
163,7,2024,41497.0,4.0,4,11.0,5,4.0,0,3.6,0,0,16.0,0,25,11,6.0,0
164,25,2024,25311.0,4.0,4,9.0,5,4.0,0,3.6,1,0,16.0,0,25,21,7.0,0
165,7,2023,35913.0,6.0,4,15.0,6,4.0,3,3.6,0,0,24.0,1,42,3,8.0,0
166,13,2024,48350.0,4.0,4,3.0,5,4.0,2,2.0,0,0,16.0,0,25,17,8.0,2
167,21,2024,21000.0,4.0,4,9.0,6,4.0,2,3.6,0,0,16.0,0,25,17,8.0,1
168,9,2024,44620.0,6.0,4,12.0,0,3.0,3,3.6,0,0,16.0,0,25,17,8.0,0
169,20,2024,90995.0,6.0,4,10.0,5,4.0,0,3.6,1,0,24.0,0,7,17,9.0,0
170,19,2024,56079.0,4.0,5,0.0,5,4.0,0,3.6,0,1,16.0,0,27,2,8.0,0
171,8,2024,52263.0,8.0,4,10.0,4,2.0,1,3.6,0,0,16.0,0,25,17,10.0,0
173,7,2024,42991.0,4.0,5,14.0,5,4.0,0,3.6,1,1,16.0,0,30,11,6.0,0
174,14,2024,54910.0,4.0,5,10.0,5,4.0,1,3.6,1,1,16.0,0,49,9,8.0,0
175,1,2024,56105.0,4.0,4,12.0,2,4.0,0,3.6,1,0,16.0,0,25,17,7.0,0
176,18,2024,64370.0,4.0,4,5.0,5,4.0,0,3.6,1,0,16.0,0,25,17,8.0,0
178,5,2024,32580.0,3.0,4,0.0,5,4.0,0,1.3,0,0,16.0,0,32,17,9.0,0
179,2,2024,69685.0,0.0,3,5.0,2,4.0,3,3.6,0,0,16.0,0,25,17,1.0,0
180,12,2024,34330.0,4.0,4,11.0,4,4.0,0,3.6,0,0,16.0,0,3,18,8.0,0
181,7,2024,37430.0,4.0,4,9.0,5,4.0,0,2.0,0,0,16.0,0,13,11,9.0,2
182,12,2024,42015.0,4.0,4,1.0,4,4.0,0,3.6,1,0,16.0,0,4,18,8.0,0
183,12,2024,32925.0,4.0,4,1.0,4,4.0,0,3.6,0,0,16.0,0,3,18,8.0,0
184,14,2024,57870.0,4.0,5,5.0,5,4.0,1,3.6,1,1,16.0,0,43,25,8.0,0
185,14,2024,28265.0,4.0,4,11.0,5,4.0,1,3.6,1,0,16.0,0,21,4,8.0,0
186,25,2024,30618.0,4.0,4,7.0,5,4.0,0,3.6,1,0,16.0,0,1,21,7.0,0
187,8,2024,31985.0,3.0,4,2.0,5,4.0,2,1.5,0,0,16.0,0,5,7,8.0,0
188,8,2024,35210.0,3.0,4,0.0,5,4.0,1,3.6,0,0,16.0,0,25,17,8.0,0
189,12,2024,42455.0,4.0,4,1.0,5,4.0,0,3.6,1,0,16.0,0,25,17,8.0,0
190,12,2023,51820.0,0.0,3,12.0,6,4.0,0,3.6,0,0,16.0,1,36,17,1.0,0
191,12,2024,49795.0,0.0,3,4.0,5,4.0,3,3.6,0,0,16.0,0,36,12,1.0,0
192,14,2024,31721.0,4.0,4,0.0,5,4.0,1,3.6,1,0,16.0,0,21,4,8.0,0
193,7,2024,44852.0,6.0,4,13.0,5,4.0,0,3.6,0,0,24.0,0,12,5,8.0,0
195,14,2024,39370.0,6.0,4,0.0,5,4.0,1,3.6,0,0,24.0,0,20,10,8.0,0
196,7,2024,45844.0,4.0,5,1.0,5,4.0,0,3.6,1,1,16.0,0,30,11,6.0,0
197,14,2024,78543.0,6.0,4,16.0,5,4.0,1,3.6,1,0,24.0,0,44,24,8.0,0
198,12,2024,27080.0,4.0,5,13.0,6,4.0,2,6.0,0,0,16.0,0,9,17,8.0,0
199,22,2024,83940.0,6.0,0,6.0,4,4.0,1,6.7,1,0,16.0,0,19,1,8.0,0
200,25,2024,48541.0,4.0,4,10.0,5,4.0,0,3.6,1,0,16.0,0,25,17,8.0,0
201,22,2024,81036.0,6.0,0,0.0,4,4.0,1,6.7,0,0,16.0,0,19,1,8.0,0
202,19,2024,54949.0,4.0,6,8.0,5,4.0,0,3.6,0,0,16.0,0,27,2,8.0,0
203,22,2024,67562.0,6.0,0,13.0,4,4.0,1,6.7,1,0,16.0,0,25,1,8.0,0
204,19,2024,58399.0,4.0,6,4.0,5,4.0,0,3.6,0,0,16.0,0,28,2,8.0,0
205,17,2024,73270.0,4.0,5,21.0,5,4.0,0,3.6,1,1,16.0,0,25,17,6.0,0
206,22,2024,89040.0,6.0,0,5.0,4,4.0,1,6.7,1,0,16.0,0,25,1,6.0,0
207,12,2024,52905.0,0.0,3,12.0,5,4.0,0,3.6,0,0,16.0,0,36,12,1.0,0
208,8,2024,46920.0,0.0,3,10.0,5,4.0,0,3.6,0,0,16.0,0,27,16,1.0,0
209,5,2024,65175.0,6.0,0,0.0,4,4.0,1,3.6,1,0,24.0,0,25,19,8.0,0
210,21,2024,20389.0,4.0,4,11.0,6,4.0,2,3.6,0,0,16.0,0,25,17,8.0,1
211,19,2024,50599.0,4.0,6,4.0,5,4.0,0,3.6,0,0,16.0,0,26,2,8.0,0
212,8,2023,46935.0,0.0,3,11.0,5,4.0,0,3.6,0,0,16.0,1,12,16,1.0,0
213,12,2024,38100.0,4.0,4,1.0,5,4.0,0,3.6,1,0,16.0,0,25,17,8.0,0
214,15,2024,31190.0,4.0,4,10.0,5,4.0,2,3.6,0,0,16.0,0,11,20,8.0,0
215,14,2024,50755.0,4.0,5,5.0,5,4.0,1,3.6,1,1,16.0,0,45,25,8.0,0
216,12,2024,42201.0,0.0,3,8.0,5,4.0,3,3.6,0,0,16.0,0,36,12,8.0,0
217,11,2024,55800.0,4.0,4,5.0,5,4.0,0,3.6,0,0,16.0,0,25,17,1.0,0
218,12,2024,35404.0,4.0,5,10.0,5,4.0,0,3.6,1,1,16.0,0,37,22,6.0,0
219,12,2024,35656.0,4.0,5,9.0,5,4.0,0,3.6,1,1,16.0,0,24,22,6.0,0
220,14,2024,32660.0,4.0,4,9.0,5,4.0,1,3.6,1,0,16.0,0,21,4,8.0,0
221,12,2024,50850.0,0.0,3,10.0,6,4.0,0,3.6,0,0,16.0,0,35,17,8.0,0
222,14,2024,61860.0,4.0,5,5.0,5,4.0,1,3.6,1,1,16.0,0,33,25,8.0,0
223,25,2024,25895.0,4.0,4,5.0,5,4.0,0,3.6,1,0,16.0,0,25,21,7.0,0
224,21,2024,26600.0,4.0,4,15.0,5,4.0,2,3.6,0,0,16.0,0,38,13,8.0,1
225,2,2024,91825.0,0.0,3,7.0,6,4.0,0,3.6,0,0,16.0,0,25,17,1.0,0
226,12,2024,37325.0,4.0,4,1.0,4,4.0,0,3.6,0,0,16.0,0,3,18,8.0,0
227,14,2024,52642.0,6.0,4,6.0,5,4.0,1,3.6,0,0,24.0,0,22,8,8.0,0
228,14,2024,40235.0,4.0,4,10.0,5,4.0,1,3.6,1,0,16.0,0,22,4,8.0,0
229,7,2023,46835.0,8.0,4,5.0,5,4.0,0,3.6,0,0,16.0,1,29,5,8.0,0
230,12,2024,42064.0,4.0,4,1.0,4,4.0,0,3.6,1,0,16.0,0,4,18,8.0,0
231,12,2024,39832.0,4.0,5,10.0,5,4.0,0,3.6,1,1,16.0,0,22,22,6.0,0
232,14,2024,65928.0,6.0,4,5.0,5,4.0,1,3.6,1,0,24.0,0,7,23,8.0,0
233,7,2024,41036.0,4.0,4,5.0,5,4.0,0,3.6,0,0,16.0,0,25,11,6.0,0
234,25,2024,33331.0,4.0,4,13.0,5,4.0,0,3.6,1,0,16.0,0,25,21,7.0,0
236,9,2024,44120.0,4.0,4,0.0,5,4.0,0,3.6,0,0,16.0,0,10,17,8.0,0
237,12,2024,42466.0,0.0,3,16.0,5,4.0,0,3.6,0,0,16.0,0,35,12,1.0,0
239,14,2024,54209.0,6.0,4,10.0,5,4.0,1,3.6,0,0,16.0,0,22,10,8.0,0
241,7,2024,48595.0,4.0,4,0.0,5,4.0,0,3.6,0,0,16.0,0,15,11,8.0,2
242,19,2023,38040.0,4.0,4,3.0,1,2.0,3,3.6,0,0,16.0,1,25,17,6.0,0
243,0,2024,52950.0,6.0,4,3.0,5,4.0,0,3.6,0,0,24.0,0,7,15,10.0,0
244,7,2023,46835.0,8.0,4,21.0,5,4.0,0,3.6,0,0,16.0,1,29,5,8.0,0
247,14,2024,87488.0,6.0,4,22.0,5,4.0,1,3.6,1,0,24.0,0,44,23,8.0,0
248,12,2024,43904.0,0.0,3,6.0,5,4.0,0,3.6,0,0,16.0,0,35,12,1.0,0
249,5,2024,55090.0,0.0,3,9.0,5,4.0,0,3.6,0,0,16.0,0,32,17,1.0,0
251,14,2024,44737.0,6.0,4,6.0,5,4.0,1,3.6,0,0,16.0,0,20,8,8.0,0
252,12,2024,41995.0,4.0,4,1.0,4,4.0,0,3.6,1,0,16.0,0,4,18,8.0,0
253,11,2024,38855.0,4.0,5,6.0,5,4.0,2,3.6,0,0,16.0,0,25,17,8.0,0
255,22,2024,65350.0,8.0,4,0.0,4,4.0,1,3.6,0,0,16.0,0,8,0,8.0,0
256,14,2024,49411.0,6.0,4,6.0,5,4.0,1,3.6,0,0,16.0,0,6,10,8.0,0
257,14,2024,72908.0,6.0,4,5.0,5,4.0,1,3.6,1,0,24.0,0,44,23,8.0,0
258,14,2023,37105.0,4.0,4,5.0,5,4.0,1,3.6,1,0,16.0,1,49,4,8.0,0
259,7,2024,50590.0,4.0,5,10.0,5,4.0,0,3.6,1,1,16.0,0,31,11,6.0,0
260,5,2024,70190.0,8.0,0,5.0,4,4.0,1,6.6,1,0,16.0,0,16,17,8.0,0
261,5,2024,25515.0,4.0,4,5.0,5,4.0,2,3.6,0,0,16.0,0,25,6,6.0,0
262,14,2024,59542.0,6.0,4,10.0,5,4.0,1,3.6,0,0,16.0,0,33,17,8.0,0
263,22,2024,53445.0,6.0,4,6.0,0,3.0,2,3.6,0,0,24.0,0,14,17,9.0,0
264,22,2024,79675.0,6.0,0,17.0,4,4.0,1,3.6,1,0,24.0,0,18,0,6.0,0
265,9,2024,87075.0,8.0,1,9.0,4,4.0,1,3.6,0,0,16.0,0,25,17,10.0,0
266,8,2024,34799.0,3.0,4,3.0,5,4.0,0,3.6,1,0,12.0,0,5,7,8.0,0
267,22,2024,67125.0,6.0,0,5.0,4,4.0,1,3.6,1,0,24.0,0,18,0,6.0,0
268,14,2024,46721.0,6.0,4,10.0,5,4.0,1,3.6,0,0,16.0,0,20,10,8.0,0
269,15,2024,43348.0,0.0,3,16.0,5,4.0,0,3.6,0,0,16.0,0,50,17,8.0,0
270,14,2024,56119.0,4.0,5,10.0,5,4.0,1,3.6,1,1,16.0,0,7,9,8.0,0
271,25,2024,28193.0,4.0,4,4.0,5,4.0,2,3.6,1,0,16.0,0,1,21,8.0,0
273,19,2024,54949.0,4.0,6,9.0,5,4.0,0,3.6,0,0,16.0,0,27,2,8.0,0
274,19,2024,54949.0,4.0,6,9.0,5,4.0,0,3.6,0,0,16.0,0,27,2,8.0,0
275,23,2024,31042.0,4.0,4,5.0,6,4.0,0,3.6,0,0,16.0,0,27,17,8.0,1
277,19,2024,54449.0,4.0,6,10.0,5,4.0,0,3.6,0,0,16.0,0,27,2,8.0,0
279,14,2024,31535.0,4.0,4,7.0,5,4.0,1,3.6,1,0,16.0,0,21,4,8.0,0
281,0,2024,56345.0,6.0,4,5.0,5,4.0,2,3.6,0,0,24.0,0,46,15,10.0,0
282,2,2024,73670.0,0.0,3,5.0,2,4.0,0,3.6,0,0,16.0,0,25,17,1.0,0
283,19,2024,50675.0,4.0,5,0.0,5,4.0,0,3.6,0,1,16.0,0,26,2,8.0,0
284,22,2024,64516.0,6.0,0,14.0,4,4.0,1,3.6,1,0,16.0,0,47,1,8.0,0
285,7,2024,36480.0,4.0,4,23.0,5,4.0,0,3.6,1,0,16.0,0,12,11,8.0,0
286,1,2024,89780.0,0.0,3,5.0,5,4.0,0,3.6,0,0,16.0,0,27,17,8.0,0
289,25,2024,26104.0,4.0,4,9.0,6,4.0,2,3.6,0,0,16.0,0,25,17,8.0,0
290,7,2024,42790.0,4.0,5,10.0,5,4.0,0,3.6,1,1,16.0,0,30,11,6.0,0
293,2,2024,54545.0,4.0,4,10.0,6,4.0,0,3.6,1,0,16.0,0,25,17,8.0,0
294,22,2024,65774.0,6.0,0,13.0,4,4.0,1,3.6,1,0,24.0,0,8,1,6.0,0
295,21,2024,34305.0,3.0,4,4.0,5,4.0,0,1.5,0,0,16.0,0,40,17,8.0,0
296,7,2024,44621.0,4.0,5,0.0,5,4.0,0,3.6,1,1,16.0,0,31,11,6.0,0
297,7,2024,39763.0,4.0,5,0.0,5,4.0,0,3.6,1,1,16.0,0,30,11,6.0,0
298,22,2024,67237.0,6.0,0,6.0,4,4.0,1,6.7,0,0,16.0,0,48,1,8.0,0
299,11,2024,36900.0,4.0,5,1.0,5,4.0,0,3.6,0,1,16.0,0,45,17,8.0,1
302,1,2024,84465.0,0.0,3,5.0,5,4.0,0,3.6,0,0,16.0,0,27,17,8.0,0
303,5,2024,49944.0,8.0,4,2.0,4,4.0,1,3.6,0,0,16.0,0,16,19,8.0,0
304,15,2024,32433.0,4.0,4,0.0,5,4.0,0,3.6,0,0,16.0,0,34,20,8.0,0
305,15,2024,33095.0,4.0,4,10.0,5,4.0,2,3.6,0,0,16.0,0,41,20,8.0,0
306,15,2024,39990.0,4.0,4,10.0,5,4.0,0,3.6,0,0,16.0,0,25,20,8.0,0
307,16,2024,62145.0,4.0,4,19.0,5,4.0,0,3.6,1,0,16.0,0,25,17,9.0,0
308,11,2024,48364.0,6.0,4,4.0,3,4.0,2,3.6,0,0,24.0,0,25,17,10.0,0
309,22,2024,83374.0,6.0,0,5.0,4,4.0,1,3.6,1,0,16.0,0,25,0,8.0,0
310,11,2024,56550.0,4.0,4,1.0,5,4.0,0,3.6,0,0,16.0,0,25,17,1.0,0
311,5,2024,31222.0,4.0,4,2.0,5,4.0,2,3.6,0,0,16.0,0,25,6,6.0,0
312,9,2024,85845.0,8.0,0,2.0,4,4.0,1,3.6,1,0,32.0,0,10,17,10.0,0
313,15,2024,30034.0,4.0,4,0.0,5,4.0,2,3.6,0,0,16.0,0,34,20,8.0,0
315,1,2024,69995.0,4.0,4,12.0,5,4.0,0,3.6,0,0,16.0,0,25,17,7.0,0
316,25,2024,27554.0,4.0,4,7.0,6,4.0,2,3.6,0,0,16.0,0,25,17,8.0,0
317,21,2024,45716.0,8.0,4,10.0,4,4.0,1,5.6,0,0,16.0,0,40,17,8.0,0
319,8,2024,42715.0,4.0,4,2.0,5,4.0,0,3.6,1,0,16.0,0,39,17,8.0,0
320,12,2024,36970.0,4.0,4,1.0,4,4.0,0,3.6,0,0,16.0,0,3,18,8.0,0
322,5,2024,30101.0,4.0,4,2.0,5,4.0,0,3.6,1,0,16.0,0,2,6,6.0,0
323,14,2024,54899.0,4.0,5,11.0,5,4.0,1,3.6,1,1,16.0,0,7,9,8.0,0
324,15,2024,32198.0,4.0,4,0.0,5,4.0,0,3.6,0,0,16.0,0,34,20,8.0,0
325,21,2024,54585.0,8.0,4,10.0,4,4.0,1,5.6,0,0,16.0,0,40,17,8.0,0
326,14,2024,35999.0,4.0,4,0.0,5,4.0,1,3.6,1,0,16.0,0,21,4,8.0,0
327,12,2024,36882.0,4.0,5,11.0,5,4.0,0,3.6,1,1,16.0,0,37,22,6.0,0
330,22,2024,69697.0,6.0,0,2.0,4,4.0,1,3.6,1,0,24.0,0,8,1,8.0,0
331,8,2024,49285.0,0.0,3,5.0,5,4.0,0,3.6,0,0,16.0,0,27,16,1.0,0
333,14,2024,51083.0,4.0,4,3.0,5,4.0,1,3.6,1,0,16.0,0,25,25,8.0,2
334,15,2024,41528.0,0.0,3,14.0,5,4.0,0,3.6,0,0,16.0,0,50,17,8.0,0
335,21,2024,27400.0,4.0,4,15.0,5,4.0,2,3.6,0,0,16.0,0,38,13,8.0,1
336,19,2024,52445.0,4.0,4,5.0,5,4.0,0,2.5,0,0,16.0,0,7,2,8.0,0
337,12,2024,34600.0,4.0,5,5.0,5,4.0,0,3.6,1,1,16.0,0,9,22,6.0,0
339,14,2024,34084.0,4.0,4,12.0,5,4.0,1,3.6,0,0,16.0,0,22,4,8.0,0
340,14,2024,50184.0,6.0,4,6.0,5,4.0,1,3.6,0,0,24.0,0,22,8,8.0,0
341,12,2024,45842.0,0.0,3,5.0,5,4.0,0,3.6,0,0,16.0,0,36,12,1.0,0
342,12,2024,40380.0,4.0,4,1.0,4,4.0,0,3.6,1,0,16.0,0,25,18,8.0,0
343,16,2024,55353.0,4.0,4,8.0,5,4.0,0,3.6,1,0,16.0,0,25,17,9.0,0
344,20,2024,72357.0,4.0,0,9.0,0,3.0,3,3.6,1,0,16.0,0,25,17,9.0,0
345,12,2024,34492.0,4.0,5,10.0,5,4.0,0,3.6,1,1,16.0,0,9,22,6.0,0
346,12,2024,36000.0,4.0,4,10.0,4,4.0,0,3.6,1,0,16.0,0,4,18,8.0,0
347,14,2024,35999.0,4.0,4,0.0,5,4.0,1,3.6,1,0,16.0,0,21,4,8.0,0
348,14,2024,53160.0,6.0,4,6.0,5,4.0,1,3.6,0,0,24.0,0,22,8,8.0,0
349,14,2024,59116.0,4.0,4,3.0,5,4.0,1,3.6,1,0,16.0,0,25,9,8.0,0
350,14,2024,67510.0,6.0,4,10.0,5,4.0,1,3.6,0,0,16.0,0,33,17,8.0,0
351,11,2024,48187.0,6.0,4,4.0,3,4.0,2,3.6,0,0,24.0,0,25,17,10.0,0
353,14,2024,50702.0,6.0,4,6.0,5,4.0,1,3.6,0,0,24.0,0,22,8,8.0,0
354,26,2024,75595.0,4.0,5,6.0,5,4.0,0,3.6,1,1,16.0,0,25,17,8.0,0
355,14,2024,51845.0,4.0,5,7.0,5,4.0,1,3.6,1,1,16.0,0,45,25,8.0,0
357,22,2024,71167.0,6.0,0,9.0,4,4.0,1,3.6,1,0,24.0,0,8,1,6.0,0
358,12,2024,41975.0,4.0,4,1.0,4,4.0,0,3.6,1,0,16.0,0,4,18,8.0,0
359,14,2024,38481.0,4.0,4,5.0,5,4.0,1,3.6,1,0,16.0,0,22,4,8.0,0
360,12,2024,32520.0,4.0,5,10.0,6,4.0,2,3.6,0,1,16.0,0,36,17,6.0,0
361,15,2023,48861.0,4.0,4,16.0,5,4.0,0,3.6,0,0,16.0,1,41,17,8.0,0
362,5,2024,31537.0,4.0,4,11.0,5,4.0,0,3.6,1,0,16.0,0,25,6,6.0,0
363,14,2024,47175.0,6.0,4,0.0,5,4.0,1,3.6,0,0,16.0,0,6,8,8.0,0
364,7,2024,51585.0,4.0,5,10.0,5,4.0,0,3.6,1,1,16.0,0,31,11,6.0,0
367,21,2024,37946.0,6.0,4,9.0,4,4.0,3,3.6,0,0,24.0,0,40,17,9.0,0
368,5,2024,31301.0,4.0,4,2.0,5,4.0,0,3.6,1,0,16.0,0,2,6,6.0,0
370,21,2024,50030.0,8.0,4,1.0,4,4.0,1,3.6,0,0,16.0,0,40,17,8.0,0
371,9,2024,42990.0,6.0,4,0.0,0,3.0,3,3.6,0,0,12.0,0,25,17,8.0,0
372,5,2024,32635.0,4.0,4,0.0,5,4.0,2,3.6,1,0,16.0,0,32,6,6.0,0
373,21,2023,46672.0,8.0,4,1.0,4,4.0,1,5.6,0,0,16.0,1,40,17,8.0,0
374,11,2024,27450.0,4.0,4,10.0,5,4.0,0,3.6,0,0,16.0,0,17,17,8.0,0
375,15,2024,34310.0,4.0,4,13.0,5,4.0,2,3.6,0,0,16.0,0,25,17,6.0,0
376,3,2024,36190.0,3.0,4,7.0,5,4.0,0,3.6,1,0,12.0,0,25,17,9.0,0
377,15,2024,52388.0,0.0,3,1.0,5,4.0,3,3.6,0,0,16.0,0,25,17,1.0,0
378,19,2024,57849.0,4.0,6,4.0,5,4.0,0,3.6,0,0,16.0,0,28,2,8.0,0
379,8,2024,44615.0,4.0,4,9.0,5,4.0,0,2.0,0,0,16.0,0,36,17,8.0,0
380,15,2024,34985.0,4.0,4,10.0,5,4.0,2,3.6,0,0,16.0,0,41,20,8.0,0
381,14,2024,28867.0,4.0,4,10.0,5,4.0,1,3.6,0,0,16.0,0,21,4,8.0,0
382,22,2024,53890.0,6.0,4,3.0,0,3.0,2,3.6,0,0,24.0,0,14,17,9.0,0
383,12,2024,48510.0,0.0,3,12.0,6,4.0,0,3.6,0,0,16.0,0,36,17,8.0,0
384,15,2024,31190.0,4.0,4,10.0,5,4.0,2,3.6,0,0,16.0,0,11,20,8.0,0
386,12,2024,52515.0,0.0,3,5.0,5,4.0,0,3.6,0,0,16.0,0,22,12,1.0,0
388,12,2024,35885.0,4.0,5,15.0,5,4.0,0,3.6,1,1,16.0,0,24,22,6.0,0
389,20,2024,85630.0,6.0,4,7.0,5,4.0,0,3.6,1,0,24.0,0,25,17,9.0,0
390,14,2024,47530.0,6.0,4,5.0,5,4.0,1,3.6,0,0,16.0,0,20,8,8.0,0
391,19,2024,58399.0,4.0,6,4.0,5,4.0,0,3.6,0,0,16.0,0,28,2,8.0,0
392,14,2024,75888.0,6.0,4,5.0,5,4.0,1,3.6,1,0,24.0,0,44,23,8.0,0
393,5,2024,49632.0,8.0,4,2.0,4,4.0,1,3.6,0,0,16.0,0,16,19,8.0,0
394,19,2024,55439.0,4.0,5,0.0,5,4.0,0,3.6,0,1,16.0,0,27,2,8.0,0
395,25,2024,30618.0,4.0,4,11.0,5,4.0,0,3.6,1,0,16.0,0,1,21,7.0,0
396,7,2023,35821.0,6.0,4,20.0,6,4.0,3,3.6,0,0,24.0,1,42,3,8.0,0
397,7,2023,36083.0,6.0,4,20.0,6,4.0,3,3.6,0,0,24.0,1,42,3,8.0,0
399,7,2024,44604.0,4.0,5,5.0,5,4.0,0,3.6,1,1,16.0,0,31,11,6.0,0
400,0,2024,57650.0,6.0,4,5.0,5,4.0,0,3.6,0,0,24.0,0,46,15,10.0,0
401,14,2024,32269.0,4.0,4,0.0,5,4.0,1,3.6,1,0,16.0,0,21,4,8.0,0
402,12,2024,42466.0,0.0,3,7.0,5,4.0,0,3.6,0,0,16.0,0,35,12,1.0,0
403,7,2024,45051.0,4.0,5,5.0,5,4.0,0,3.6,1,1,16.0,0,31,11,6.0,0
404,16,2024,57508.0,4.0,4,19.0,5,4.0,0,3.6,1,0,16.0,0,25,17,9.0,0
405,8,2024,51803.0,6.0,4,1.0,0,3.0,3,3.6,0,0,16.0,0,7,17,8.0,0
407,0,2024,56800.0,6.0,4,5.0,5,4.0,2,3.6,0,0,24.0,0,46,15,10.0,0
408,14,2024,52631.0,6.0,4,10.0,5,4.0,1,3.6,0,0,16.0,0,22,10,8.0,0
409,14,2024,38500.0,4.0,4,8.0,5,4.0,1,3.6,1,0,16.0,0,22,4,8.0,0
410,5,2024,24680.0,3.0,4,5.0,5,4.0,2,3.6,1,0,12.0,0,16,17,6.0,0
412,14,2024,54490.0,4.0,4,2.0,5,4.0,1,3.6,1,0,16.0,0,25,25,8.0,0
413,22,2024,80095.0,6.0,0,20.0,4,4.0,1,3.6,1,0,16.0,0,18,1,8.0,0
414,11,2024,44350.0,6.0,4,0.0,3,4.0,2,3.6,0,0,16.0,0,25,17,8.0,0
415,22,2023,66375.0,6.0,4,17.0,0,3.0,2,3.6,0,0,16.0,1,14,17,8.0,0
417,5,2024,57635.0,8.0,4,5.0,4,4.0,1,5.3,0,0,16.0,0,25,19,8.0,0
419,14,2024,28860.0,4.0,4,11.0,5,4.0,1,3.6,1,0,16.0,0,21,4,8.0,0
421,14,2024,50184.0,6.0,4,6.0,5,4.0,1,3.6,0,0,24.0,0,22,8,8.0,0
422,14,2024,87190.0,6.0,4,12.0,5,4.0,1,3.6,1,0,24.0,0,44,24,8.0,0
423,19,2024,55399.0,4.0,4,2.0,5,4.0,0,2.5,0,0,16.0,0,7,2,8.0,0
424,12,2024,41391.0,4.0,5,7.0,5,4.0,0,3.6,1,1,16.0,0,22,22,6.0,0
425,8,2024,30020.0,3.0,4,0.0,5,4.0,1,3.6,0,0,16.0,0,25,17,8.0,0
426,7,2023,46835.0,8.0,4,19.0,5,4.0,0,3.6,0,0,16.0,1,29,5,8.0,0
427,2,2024,74695.0,0.0,3,7.0,6,4.0,3,3.6,0,0,16.0,0,25,17,1.0,0
429,21,2024,26500.0,4.0,4,15.0,5,4.0,2,3.6,0,0,16.0,0,38,13,8.0,1
430,7,2023,53995.0,8.0,4,12.0,5,4.0,0,3.6,0,0,16.0,1,30,5,8.0,0
431,16,2024,77645.0,6.0,4,9.0,5,2.0,1,3.6,1,0,24.0,0,25,17,8.0,0
432,14,2024,58648.0,4.0,4,3.0,5,4.0,1,3.6,1,0,16.0,0,43,25,8.0,2
434,8,2024,41195.0,4.0,4,5.0,5,4.0,0,3.6,1,0,16.0,0,36,17,8.0,0
435,14,2024,46791.0,6.0,4,12.0,4,4.0,1,3.6,0,0,24.0,0,45,17,8.0,0
436,9,2024,76648.0,8.0,4,3.0,5,4.0,3,5.3,0,0,16.0,0,25,17,8.0,0
439,1,2024,78695.0,4.0,4,12.0,5,4.0,0,3.6,0,0,16.0,0,25,17,7.0,0
441,14,2024,34182.0,4.0,4,0.0,5,4.0,1,3.6,1,0,16.0,0,21,4,8.0,0
442,15,2024,39390.0,4.0,5,10.0,5,4.0,2,3.6,0,0,16.0,0,11,17,8.0,0
444,15,2024,28630.0,4.0,4,15.0,5,4.0,0,3.6,0,0,16.0,0,34,17,8.0,1
445,22,2024,61865.0,8.0,4,0.0,4,4.0,1,3.6,0,0,16.0,0,47,0,8.0,0
446,14,2024,26860.0,4.0,4,3.0,5,4.0,1,3.6,1,0,16.0,0,21,4,8.0,0
447,14,2024,29826.0,4.0,4,6.0,5,4.0,1,3.6,1,0,16.0,0,25,4,8.0,0
448,7,2024,42597.0,4.0,5,5.0,5,4.0,0,3.6,1,1,16.0,0,30,11,6.0,0
450,7,2024,52180.0,4.0,5,10.0,5,4.0,0,3.6,1,1,16.0,0,31,11,6.0,0
451,7,2024,30900.0,4.0,4,5.0,5,4.0,0,3.6,1,0,16.0,0,12,11,9.0,0
452,14,2024,61506.0,4.0,4,3.0,5,4.0,1,3.6,1,0,16.0,0,25,9,8.0,0
453,3,2023,37135.0,4.0,4,6.0,5,4.0,0,3.6,1,0,16.0,1,26,17,9.0,0
454,8,2024,33590.0,4.0,5,0.0,5,4.0,2,3.6,0,0,16.0,0,39,7,8.0,1
455,8,2024,41765.0,4.0,5,0.0,5,4.0,2,3.6,0,0,16.0,0,34,7,8.0,1
456,14,2024,50377.0,6.0,4,7.0,5,4.0,1,3.6,0,0,16.0,0,22,10,8.0,0
457,5,2024,65416.0,8.0,4,5.0,4,4.0,1,5.3,0,0,16.0,0,25,19,8.0,0
458,12,2024,43299.0,4.0,4,1.0,4,4.0,0,3.6,1,0,16.0,0,25,18,8.0,0
459,7,2023,46835.0,8.0,4,5.0,5,4.0,0,3.6,0,0,16.0,1,29,5,8.0,0
460,14,2024,47744.0,6.0,4,12.0,5,4.0,1,3.6,0,0,16.0,0,22,8,8.0,0
461,14,2024,53455.0,6.0,4,0.0,5,4.0,1,3.6,0,0,24.0,0,22,10,8.0,0
462,8,2024,52853.0,6.0,4,0.0,0,3.0,3,3.6,0,0,16.0,0,7,17,8.0,0
463,8,2024,69035.0,6.0,4,9.0,5,4.0,1,3.6,1,0,24.0,0,25,17,10.0,0
464,15,2024,31860.0,4.0,4,17.0,5,4.0,2,3.6,0,0,16.0,0,11,17,8.0,2
465,23,2024,44354.0,4.0,4,5.0,5,4.0,0,3.6,1,0,16.0,0,25,17,8.0,1
466,12,2024,27080.0,4.0,5,14.0,6,4.0,2,6.0,0,0,16.0,0,9,17,8.0,0
467,0,2024,56800.0,6.0,4,5.0,5,4.0,2,3.6,0,0,24.0,0,46,15,10.0,0
468,15,2024,43348.0,0.0,3,16.0,5,4.0,0,3.6,0,0,16.0,0,50,17,8.0,0
469,8,2024,49770.0,0.0,3,10.0,5,4.0,0,3.6,0,0,16.0,0,27,16,1.0,0
470,8,2023,46775.0,0.0,3,9.0,5,4.0,0,3.6,0,0,16.0,1,12,16,1.0,0
471,22,2024,64214.0,6.0,0,6.0,4,4.0,1,6.7,1,0,16.0,0,48,1,8.0,0
472,22,2024,82523.0,6.0,0,8.0,4,4.0,1,6.7,1,0,16.0,0,19,1,8.0,0
474,5,2024,49496.0,8.0,4,2.0,4,4.0,1,3.6,0,0,16.0,0,16,19,8.0,0
475,5,2024,43135.0,4.0,4,9.0,4,4.0,1,3.6,1,0,16.0,0,16,19,8.0,0
476,14,2024,28867.0,4.0,4,8.0,5,4.0,1,3.6,0,0,16.0,0,21,4,8.0,0
477,15,2024,35490.0,4.0,4,10.0,5,4.0,0,3.6,0,0,16.0,0,51,20,8.0,0
478,11,2024,55800.0,4.0,4,5.0,5,4.0,0,3.6,0,0,16.0,0,25,17,1.0,0
479,11,2024,55800.0,4.0,4,5.0,5,4.0,0,3.6,0,0,16.0,0,25,17,1.0,0
480,12,2024,33109.0,4.0,5,15.0,5,4.0,0,3.6,1,1,16.0,0,9,22,6.0,0
481,19,2024,54949.0,4.0,6,8.0,5,4.0,0,3.6,0,0,16.0,0,27,2,8.0,0
483,12,2024,51765.0,0.0,3,7.0,5,4.0,0,3.6,0,0,16.0,0,22,12,1.0,0
484,8,2024,45780.0,0.0,3,10.0,5,4.0,0,3.6,0,0,16.0,0,25,16,1.0,0
485,7,2023,37490.0,6.0,4,20.0,6,4.0,3,3.6,0,0,24.0,1,42,3,8.0,0
486,22,2024,46670.0,8.0,4,5.0,4,4.0,1,3.6,0,0,16.0,0,47,0,8.0,0
487,8,2024,88135.0,6.0,4,6.0,5,4.0,1,3.6,1,0,24.0,0,25,17,10.0,0
488,12,2024,45289.0,0.0,3,5.0,5,4.0,0,3.6,0,0,16.0,0,36,12,1.0,0
489,14,2023,54210.0,6.0,4,0.0,4,4.0,1,3.6,0,0,24.0,1,33,17,8.0,0
490,14,2024,43585.0,6.0,4,5.0,5,4.0,1,3.6,0,0,16.0,0,6,8,8.0,0
491,6,2024,46163.0,6.0,4,5.0,3,4.0,2,3.6,0,0,24.0,0,25,17,9.0,0
492,14,2024,49550.0,4.0,5,5.0,5,4.0,1,3.6,1,1,16.0,0,45,25,8.0,0
494,14,2024,47744.0,6.0,4,9.0,5,4.0,1,3.6,0,0,16.0,0,22,8,8.0,0
495,14,2024,54899.0,4.0,5,12.0,5,4.0,1,3.6,1,1,16.0,0,7,9,8.0,0
496,22,2024,84860.0,6.0,0,6.0,4,4.0,1,3.6,1,0,24.0,0,18,1,6.0,0
497,22,2024,71846.0,6.0,0,5.0,4,4.0,1,3.6,1,0,16.0,0,47,0,8.0,0
498,7,2024,46490.0,4.0,4,21.0,5,4.0,0,3.6,0,0,16.0,0,25,11,6.0,0
499,8,2024,51785.0,0.0,3,12.0,5,4.0,0,3.6,0,0,16.0,0,27,16,1.0,0
500,5,2024,49180.0,8.0,4,2.0,4,4.0,1,3.6,0,0,16.0,0,16,19,8.0,0
501,12,2024,50945.0,0.0,3,1.0,6,4.0,0,3.6,0,0,16.0,0,36,17,8.0,0
502,25,2024,35683.0,4.0,4,5.0,5,4.0,0,3.6,0,0,16.0,0,25,21,7.0,0
503,8,2024,84190.0,6.0,4,6.0,5,4.0,1,3.6,1,0,24.0,0,22,17,10.0,0
504,12,2024,38870.0,4.0,5,5.0,6,4.0,2,3.6,0,1,16.0,0,22,17,6.0,0
506,14,2024,47080.0,6.0,4,6.0,5,4.0,1,3.6,0,0,16.0,0,20,8,8.0,0
507,14,2024,54226.0,4.0,4,2.0,5,4.0,1,3.6,1,0,16.0,0,25,25,8.0,0
508,14,2024,33255.0,4.0,4,10.0,5,4.0,1,3.6,1,0,16.0,0,21,4,8.0,0
509,12,2024,45373.0,0.0,3,3.0,5,4.0,0,3.6,0,0,16.0,0,36,12,1.0,0
510,14,2024,48612.0,6.0,4,10.0,5,4.0,1,3.6,0,0,16.0,0,25,17,8.0,0
511,2,2025,90945.0,6.0,4,4.0,5,4.0,0,3.6,0,0,24.0,-1,25,17,8.0,0
512,7,2023,47340.0,8.0,4,5.0,5,4.0,0,3.6,0,0,16.0,1,29,5,8.0,0
513,12,2024,37100.0,4.0,4,1.0,4,4.0,0,3.6,0,0,16.0,0,3,18,8.0,0
514,19,2024,59205.0,4.0,5,3.0,5,4.0,0,3.6,0,1,16.0,0,28,2,8.0,0
515,8,2024,31390.0,3.0,4,13.0,5,4.0,1,1.5,0,0,16.0,0,25,17,8.0,0
517,12,2024,36499.0,4.0,4,10.0,4,4.0,0,3.6,1,0,16.0,0,4,18,8.0,0
518,2,2024,79300.0,0.0,3,5.0,2,4.0,0,3.6,0,0,16.0,0,25,17,1.0,0
519,22,2024,74990.0,6.0,0,15.0,4,4.0,1,6.7,1,0,16.0,0,25,0,8.0,0
520,19,2024,55399.0,4.0,4,2.0,5,4.0,0,2.5,0,0,16.0,0,7,2,8.0,0
522,14,2023,43000.0,6.0,4,16.0,5,4.0,1,3.6,0,0,16.0,1,20,8,8.0,0
523,12,2024,38870.0,4.0,5,9.0,6,4.0,2,3.6,0,1,16.0,0,22,17,6.0,0
525,25,2024,28997.0,4.0,4,3.0,5,4.0,0,3.6,1,0,16.0,0,1,21,7.0,0
526,25,2024,29066.0,4.0,4,5.0,5,4.0,2,3.6,0,0,16.0,0,1,21,8.0,0
527,9,2024,33092.0,4.0,4,0.0,5,4.0,0,3.6,1,0,16.0,0,25,17,9.0,0
529,25,2024,32406.0,4.0,4,11.0,5,4.0,2,3.6,0,0,16.0,0,1,21,8.0,0
530,8,2024,40145.0,4.0,4,9.0,5,4.0,3,3.6,1,0,16.0,0,52,17,10.0,0
531,21,2024,24600.0,4.0,4,15.0,5,4.0,2,3.6,0,0,16.0,0,40,13,8.0,1
532,14,2024,69201.0,4.0,5,11.0,5,4.0,1,3.6,1,1,16.0,0,25,9,8.0,0
534,21,2024,17994.0,4.0,4,8.0,6,4.0,2,3.6,0,0,16.0,0,34,17,8.0,1
535,8,2024,40630.0,4.0,4,7.0,5,4.0,0,3.6,1,0,16.0,0,25,7,8.0,0
536,14,2024,49075.0,6.0,4,1.0,5,4.0,1,3.6,0,0,16.0,0,20,8,8.0,0
537,25,2024,23160.0,4.0,4,7.0,6,4.0,2,3.6,0,0,16.0,0,0,17,8.0,0
540,12,2024,59255.0,0.0,3,10.0,5,4.0,0,3.6,0,0,16.0,0,22,12,1.0,0
541,8,2024,51803.0,6.0,4,1.0,0,3.0,3,3.6,0,0,16.0,0,7,17,8.0,0
543,12,2024,40449.0,4.0,4,1.0,4,4.0,0,3.6,1,0,16.0,0,25,18,8.0,0
544,5,2024,30188.0,4.0,4,3.0,5,4.0,2,3.6,0,0,16.0,0,2,6,6.0,0
545,19,2024,59420.0,4.0,4,5.0,5,4.0,0,2.5,0,0,16.0,0,7,2,8.0,0
546,19,2024,60080.0,4.0,4,5.0,5,4.0,0,2.5,0,0,16.0,0,7,2,8.0,0
547,3,2023,42785.0,4.0,4,13.0,5,4.0,0,3.6,1,0,16.0,1,25,17,9.0,0
548,1,2024,84530.0,0.0,3,5.0,5,4.0,0,3.6,0,0,16.0,0,27,17,8.0,0
549,7,2023,47280.0,8.0,4,13.0,5,4.0,0,3.6,0,0,16.0,1,29,5,8.0,0
550,14,2024,30525.0,4.0,4,0.0,5,4.0,1,3.6,1,0,16.0,0,21,4,8.0,0
551,11,2024,44850.0,6.0,4,3.0,5,4.0,0,3.6,0,0,24.0,0,25,17,9.0,0
553,21,2024,47105.0,8.0,4,5.0,4,4.0,1,3.6,0,0,16.0,0,40,17,8.0,0
554,14,2024,38736.0,4.0,4,12.0,5,4.0,1,3.6,0,0,16.0,0,22,4,8.0,0
555,14,2024,28265.0,4.0,4,7.0,5,4.0,1,3.6,1,0,16.0,0,21,4,8.0,0
556,14,2024,58230.0,4.0,5,17.0,5,4.0,1,3.6,1,1,16.0,0,43,25,8.0,0
557,14,2024,67190.0,4.0,5,12.0,5,4.0,1,3.6,1,1,16.0,0,33,25,8.0,0
558,12,2024,45738.0,0.0,3,5.0,5,4.0,0,3.6,0,0,16.0,0,36,12,1.0,0
559,8,2024,30278.0,3.0,4,0.0,5,4.0,2,3.6,0,0,16.0,0,5,7,8.0,0
560,8,2024,34572.0,3.0,4,10.0,5,4.0,0,3.6,1,0,12.0,0,39,7,8.0,0
561,14,2024,66960.0,4.0,5,5.0,5,4.0,1,3.6,1,1,16.0,0,33,25,8.0,0
562,14,2024,31535.0,4.0,4,7.0,5,4.0,1,3.6,1,0,16.0,0,21,4,8.0,0
563,5,2024,30955.0,4.0,4,3.0,5,4.0,0,3.6,0,0,16.0,0,25,6,8.0,0
564,7,2024,34698.0,4.0,4,10.0,5,4.0,0,3.6,1,0,16.0,0,12,11,9.0,0
565,8,2024,32138.0,3.0,4,10.0,5,4.0,0,3.6,1,0,12.0,0,39,7,8.0,0
566,8,2024,61248.0,6.0,4,0.0,0,3.0,3,3.6,0,0,16.0,0,7,17,8.0,0
567,8,2024,46920.0,0.0,3,10.0,5,4.0,0,3.6,0,0,16.0,0,27,16,1.0,0
568,14,2024,40925.0,6.0,4,0.0,5,4.0,1,3.6,0,0,16.0,0,20,8,8.0,0
569,5,2024,76475.0,8.0,4,2.0,4,4.0,1,3.6,0,0,16.0,0,25,19,10.0,0
570,5,2024,49180.0,8.0,4,2.0,4,4.0,1,3.6,0,0,16.0,0,16,19,8.0,0
571,8,2023,45525.0,0.0,3,10.0,5,4.0,0,3.6,0,0,16.0,1,27,16,1.0,0
572,14,2024,65360.0,6.0,4,0.0,5,4.0,1,3.6,0,0,16.0,0,25,8,8.0,0
573,5,2024,47650.0,8.0,4,5.0,4,4.0,1,3.6,0,0,16.0,0,25,19,10.0,0
574,11,2024,41705.0,6.0,4,4.0,3,4.0,2,3.6,0,0,24.0,0,25,17,10.0,0
575,12,2024,54495.0,0.0,3,10.0,5,4.0,0,3.6,0,0,16.0,0,25,12,1.0,0
576,12,2024,30335.0,4.0,5,0.0,6,4.0,2,3.6,0,1,16.0,0,22,17,8.0,0
577,12,2024,33695.0,4.0,5,11.0,5,4.0,0,3.6,1,1,16.0,0,9,22,6.0,0
579,14,2024,51350.0,4.0,5,5.0,5,4.0,1,3.6,1,1,16.0,0,45,25,8.0,0
580,12,2024,35744.0,4.0,5,15.0,5,4.0,0,3.6,1,1,16.0,0,37,22,6.0,0
581,14,2023,63715.0,4.0,5,5.0,5,4.0,1,3.6,1,1,16.0,1,43,25,8.0,0
582,12,2024,25975.0,4.0,5,15.0,6,4.0,2,3.6,0,1,16.0,0,9,17,6.0,0
584,24,2024,68256.0,6.0,5,10.0,4,4.0,1,3.4,0,0,16.0,0,22,17,10.0,0
586,14,2024,49735.0,6.0,4,0.0,5,4.0,1,3.6,0,0,24.0,0,22,10,8.0,0
587,7,2024,49885.0,4.0,5,2.0,5,4.0,0,3.6,1,1,16.0,0,31,11,6.0,0
588,24,2024,30499.0,4.0,4,1.0,5,4.0,0,3.6,0,0,16.0,0,25,17,8.0,1
589,15,2024,41991.0,0.0,3,14.0,5,4.0,0,3.6,0,0,16.0,0,50,17,8.0,0
590,8,2024,40145.0,4.0,4,9.0,5,4.0,3,3.6,1,0,16.0,0,52,17,10.0,0
591,19,2024,54939.0,4.0,6,3.0,5,4.0,0,3.6,0,0,16.0,0,27,2,8.0,0
592,14,2024,83845.0,6.0,4,5.0,5,4.0,1,3.6,1,0,24.0,0,44,24,8.0,0
593,20,2023,58665.0,4.0,4,0.0,0,3.0,3,3.6,0,0,16.0,1,14,17,8.0,0
594,7,2023,46835.0,8.0,4,23.0,5,4.0,0,3.6,0,0,16.0,1,29,5,8.0,0
596,20,2024,65129.0,4.0,0,0.0,4,3.0,3,3.6,1,0,16.0,0,14,17,8.0,0
597,8,2024,49785.0,0.0,3,5.0,5,4.0,0,3.6,0,0,16.0,0,25,16,1.0,0
598,11,2025,42150.0,4.0,4,1.0,5,4.0,0,3.6,0,1,16.0,-1,25,17,1.0,1
599,4,2024,47225.0,4.0,4,5.0,5,4.0,0,3.6,0,0,16.0,0,23,17,9.0,0
600,12,2024,31610.0,4.0,4,3.0,4,4.0,0,3.6,0,0,16.0,0,3,18,8.0,0
601,24,2024,72977.0,6.0,5,7.0,4,4.0,1,3.6,1,1,24.0,0,25,17,10.0,0
602,7,2024,36734.0,4.0,4,14.0,5,4.0,0,2.0,0,0,16.0,0,13,11,9.0,0
603,22,2024,61330.0,6.0,0,6.0,4,2.0,1,3.6,1,0,24.0,0,47,1,6.0,0
604,12,2024,32009.0,4.0,4,1.0,5,4.0,0,3.6,0,0,16.0,0,36,14,8.0,1
605,5,2024,49229.0,8.0,4,17.0,4,4.0,1,3.6,0,0,16.0,0,16,19,8.0,0
606,13,2023,54200.0,4.0,4,0.0,5,4.0,0,3.6,1,0,16.0,1,25,17,8.0,1
607,14,2023,25999.0,4.0,4,14.0,5,4.0,1,3.6,0,0,16.0,1,45,4,8.0,0
609,5,2024,34472.0,4.0,4,6.0,5,4.0,0,3.6,1,0,16.0,0,2,6,6.0,0
610,21,2024,25410.0,4.0,4,12.0,5,4.0,2,3.6,0,0,16.0,0,38,13,8.0,1
611,7,2024,49885.0,4.0,5,5.0,5,4.0,0,3.6,1,1,16.0,0,31,11,6.0,0
612,24,2024,22623.0,4.0,4,5.0,6,4.0,2,3.6,0,0,16.0,0,25,17,8.0,1
613,12,2024,45830.0,0.0,3,0.0,5,4.0,0,3.6,0,0,16.0,0,36,12,8.0,0
614,25,2024,29895.0,4.0,4,10.0,6,4.0,2,3.6,0,0,16.0,0,25,17,8.0,0
615,12,2024,44713.0,0.0,3,13.0,5,4.0,0,3.6,0,0,16.0,0,36,12,1.0,0
617,25,2024,24348.0,4.0,4,7.0,6,4.0,2,3.6,0,0,16.0,0,0,17,8.0,0
618,22,2024,65260.0,6.0,0,15.0,4,4.0,1,3.6,1,0,16.0,0,47,1,8.0,0
619,9,2024,40980.0,4.0,4,0.0,5,4.0,0,3.6,1,0,16.0,0,10,17,9.0,0
620,11,2024,36900.0,4.0,5,1.0,5,4.0,0,3.6,0,1,16.0,0,45,17,8.0,1
621,12,2024,37275.0,4.0,5,5.0,5,4.0,0,3.6,1,1,16.0,0,37,22,6.0,0
623,19,2024,51625.0,4.0,4,5.0,5,4.0,0,2.5,0,0,16.0,0,7,2,8.0,0
624,12,2024,30829.0,4.0,4,15.0,5,4.0,2,3.6,1,0,16.0,0,22,14,8.0,0
625,7,2024,44826.0,4.0,5,5.0,5,4.0,0,3.6,1,1,16.0,0,31,11,6.0,0
626,7,2024,38122.0,4.0,4,18.0,5,4.0,0,3.6,1,0,16.0,0,12,11,9.0,0
627,14,2024,47451.0,6.0,4,3.0,5,4.0,1,3.6,0,0,16.0,0,6,10,8.0,0
628,14,2024,58840.0,4.0,5,4.0,5,4.0,1,3.6,1,1,16.0,0,43,25,8.0,0
629,7,2024,32837.0,4.0,4,10.0,5,4.0,0,2.0,0,0,16.0,0,13,11,8.0,0
630,8,2024,31390.0,3.0,4,9.0,5,4.0,1,1.5,0,0,16.0,0,25,17,8.0,0
631,6,2024,54403.0,6.0,4,14.0,3,4.0,0,3.6,0,0,24.0,0,25,17,9.0,0
632,24,2024,71146.0,6.0,5,10.0,4,4.0,3,3.4,0,0,16.0,0,25,17,10.0,0
633,14,2024,84935.0,6.0,4,1.0,5,4.0,1,3.6,1,0,24.0,0,44,23,8.0,0
635,22,2024,61481.0,6.0,0,15.0,4,4.0,1,6.7,1,0,16.0,0,25,0,6.0,2
636,19,2024,51700.0,4.0,4,5.0,5,4.0,0,2.5,0,0,16.0,0,7,2,8.0,0
637,5,2024,42947.0,4.0,4,5.0,4,4.0,3,3.6,1,0,16.0,0,25,19,8.0,0
638,7,2024,34329.0,4.0,4,6.0,5,4.0,0,2.0,0,0,16.0,0,13,11,8.0,0
640,7,2023,35913.0,6.0,4,15.0,6,4.0,3,3.6,0,0,24.0,1,42,3,8.0,0
643,14,2024,64930.0,4.0,5,12.0,5,4.0,1,3.6,1,1,16.0,0,33,25,8.0,0
644,8,2023,46540.0,0.0,3,6.0,5,4.0,0,3.6,0,0,16.0,1,27,16,1.0,0
645,19,2024,54949.0,4.0,6,3.0,5,4.0,0,3.6,0,0,16.0,0,27,2,8.0,0
646,7,2024,47142.0,4.0,5,0.0,5,4.0,0,3.6,1,1,16.0,0,31,11,6.0,0
647,12,2024,41955.0,4.0,4,1.0,4,4.0,0,3.6,1,0,16.0,0,4,18,8.0,0
648,8,2024,36860.0,3.0,4,8.0,5,4.0,0,1.5,0,0,16.0,0,5,7,8.0,2
649,22,2024,76300.0,6.0,0,6.0,4,4.0,1,3.6,1,0,24.0,0,8,1,6.0,0
651,8,2024,45605.0,6.0,4,8.0,4,4.0,1,3.6,1,0,24.0,0,25,17,8.0,0
652,21,2024,24305.0,4.0,4,15.0,5,4.0,2,3.6,0,0,16.0,0,34,13,8.0,1
654,12,2024,33840.0,4.0,4,8.0,5,4.0,0,3.6,1,0,16.0,0,22,14,8.0,0
655,5,2024,50058.0,8.0,4,2.0,4,4.0,1,3.6,0,0,16.0,0,16,19,8.0,0
656,11,2024,37505.0,4.0,5,0.0,5,4.0,2,3.6,0,1,16.0,0,25,17,8.0,1
657,12,2024,33005.0,4.0,5,13.0,6,4.0,2,3.6,0,1,16.0,0,36,17,6.0,0
658,0,2024,53700.0,6.0,4,5.0,5,4.0,0,3.6,0,0,24.0,0,7,15,10.0,0
659,20,2024,62295.0,4.0,0,8.0,0,3.0,3,3.6,1,0,16.0,0,14,17,8.0,0
660,9,2024,90220.0,8.0,0,0.0,4,4.0,1,3.6,1,0,32.0,0,10,17,10.0,0
661,14,2024,33696.0,4.0,4,6.0,5,4.0,1,3.6,1,0,16.0,0,22,4,8.0,0
662,14,2024,54641.0,6.0,4,23.0,5,4.0,3,3.6,0,0,24.0,0,22,10,8.0,0
663,4,2024,60115.0,0.0,3,1.0,5,4.0,3,3.6,0,0,16.0,0,23,17,1.0,0
665,19,2024,50595.0,4.0,5,1.0,5,4.0,0,3.6,0,1,16.0,0,26,2,8.0,0
666,14,2024,77473.0,6.0,4,14.0,5,4.0,1,3.6,1,0,24.0,0,7,23,8.0,0
667,13,2024,49404.0,4.0,4,7.0,5,4.0,2,3.6,0,0,16.0,0,25,17,8.0,1
668,12,2024,30870.0,4.0,5,9.0,6,4.0,2,3.6,0,1,16.0,0,22,17,8.0,0
669,3,2024,56872.0,6.0,4,0.0,5,4.0,0,3.6,0,0,24.0,0,27,17,9.0,0
670,14,2024,34730.0,4.0,4,0.0,5,4.0,1,3.6,1,0,16.0,0,21,4,8.0,0
671,6,2024,55183.0,6.0,4,13.0,3,4.0,0,3.6,0,0,24.0,0,22,17,9.0,0
673,21,2024,20849.0,4.0,4,6.0,6,4.0,2,3.6,0,0,16.0,0,34,17,8.0,1
674,1,2024,52405.0,4.0,4,10.0,2,4.0,0,3.6,1,0,16.0,0,25,17,7.0,0
675,22,2024,67159.0,6.0,0,21.0,4,4.0,1,3.6,1,0,24.0,0,8,1,6.0,0
676,8,2024,40260.0,4.0,4,3.0,5,4.0,0,3.6,1,0,16.0,0,35,17,8.0,0
678,12,2024,35835.0,4.0,5,10.0,5,4.0,0,3.6,1,1,16.0,0,37,22,6.0,0
679,12,2024,35775.0,4.0,5,10.0,5,4.0,0,3.6,1,1,16.0,0,37,22,6.0,0
680,22,2024,72600.0,6.0,0,6.0,4,4.0,1,3.6,1,0,24.0,0,8,1,6.0,0
681,5,2024,47410.0,8.0,4,5.0,4,4.0,1,3.6,0,0,16.0,0,25,19,10.0,0
682,15,2024,30935.0,4.0,5,11.0,5,4.0,2,3.6,0,1,16.0,0,11,17,6.0,0
683,14,2024,27087.0,4.0,4,9.0,5,4.0,1,3.6,1,0,16.0,0,45,4,8.0,0
685,21,2024,21637.0,4.0,4,4.0,6,4.0,2,3.6,0,0,16.0,0,40,17,8.0,0
686,15,2024,28535.0,4.0,4,15.0,5,4.0,0,3.6,0,0,16.0,0,34,17,8.0,1
687,14,2024,50923.0,6.0,4,4.0,5,4.0,1,3.6,0,0,16.0,0,22,10,8.0,0
688,21,2024,21889.0,4.0,4,6.0,6,4.0,2,3.6,0,0,16.0,0,25,17,8.0,1
689,12,2024,29182.0,4.0,4,0.0,5,4.0,2,3.6,0,0,16.0,0,36,14,8.0,1
690,21,2024,21123.0,4.0,4,6.0,5,4.0,2,3.6,0,0,16.0,0,38,13,8.0,1
691,22,2024,63518.0,6.0,0,24.0,4,4.0,1,6.7,1,0,16.0,0,48,1,8.0,0
692,22,2024,79934.0,6.0,0,22.0,4,4.0,1,3.6,1,0,24.0,0,18,1,8.0,0
693,7,2023,47340.0,8.0,4,22.0,5,4.0,0,3.6,0,0,16.0,1,29,5,8.0,0
695,7,2023,65075.0,8.0,4,18.0,6,4.0,3,3.6,0,0,16.0,1,25,3,8.0,0
699,14,2024,55020.0,6.0,4,5.0,5,4.0,1,3.6,0,0,16.0,0,22,10,8.0,0
700,14,2024,40344.0,6.0,4,6.0,5,4.0,1,3.6,0,0,16.0,0,20,8,8.0,0
701,12,2024,33491.0,4.0,4,12.0,5,4.0,0,3.6,1,0,16.0,0,24,14,8.0,0
702,12,2024,40754.0,4.0,5,12.0,5,4.0,0,1.6,0,0,16.0,0,22,22,8.0,0
704,22,2024,83640.0,6.0,0,6.0,4,4.0,1,6.7,1,0,16.0,0,19,1,8.0,0
705,12,2024,46246.0,0.0,3,7.0,5,4.0,0,3.6,0,0,16.0,0,36,12,1.0,0
706,24,2024,50209.0,4.0,5,0.0,5,4.0,0,3.6,0,1,16.0,0,25,17,8.0,1
707,22,2024,69720.0,8.0,4,0.0,4,4.0,1,3.6,0,0,16.0,0,8,0,8.0,0
708,5,2024,88478.0,8.0,4,2.0,4,4.0,1,3.6,0,0,16.0,0,25,19,8.0,0
709,12,2024,35389.0,4.0,4,1.0,5,4.0,0,3.6,1,0,16.0,0,22,14,8.0,0
710,12,2024,36600.0,4.0,5,12.0,5,4.0,0,1.6,0,0,16.0,0,24,22,8.0,0
712,14,2024,67105.0,6.0,4,3.0,5,4.0,1,3.6,0,0,16.0,0,25,10,8.0,0
713,12,2024,36600.0,4.0,5,10.0,5,4.0,0,1.6,0,0,16.0,0,24,22,8.0,0
714,2,2024,72435.0,0.0,3,5.0,2,4.0,0,3.6,0,0,16.0,0,25,17,1.0,0
715,19,2024,50955.0,4.0,6,0.0,5,4.0,0,3.6,0,0,16.0,0,26,2,8.0,0
716,12,2024,40434.0,4.0,4,1.0,4,4.0,0,3.6,1,0,16.0,0,25,18,8.0,0
717,15,2024,30740.0,4.0,4,1.0,5,4.0,2,3.6,0,0,16.0,0,11,20,8.0,0
718,20,2024,66902.0,4.0,0,10.0,0,3.0,3,3.6,1,0,16.0,0,25,17,8.0,0
719,12,2024,59255.0,0.0,3,10.0,5,4.0,0,3.6,0,0,16.0,0,22,12,1.0,0
720,4,2024,75090.0,0.0,3,9.0,5,4.0,3,3.6,0,0,16.0,0,25,17,8.0,0
721,5,2024,54190.0,8.0,4,5.0,4,4.0,1,3.6,0,0,16.0,0,25,19,10.0,0
722,9,2024,47763.0,8.0,4,0.0,4,2.0,3,3.6,0,0,16.0,0,25,17,10.0,0
723,22,2024,68600.0,6.0,0,0.0,4,4.0,1,3.6,1,0,24.0,0,47,1,6.0,0
725,20,2024,74290.0,6.0,4,6.0,5,4.0,0,3.6,1,0,24.0,0,25,17,9.0,0
726,14,2024,33668.0,4.0,4,8.0,5,4.0,1,3.6,1,0,16.0,0,25,4,8.0,0
728,14,2024,89595.0,6.0,4,1.0,5,4.0,1,3.6,1,0,24.0,0,25,23,8.0,0
729,8,2024,55485.0,0.0,3,3.0,5,4.0,0,3.6,0,0,16.0,0,27,16,1.0,0
730,7,2024,43524.0,4.0,4,0.0,5,4.0,0,3.6,0,0,16.0,0,25,11,8.0,2
731,8,2024,33071.0,3.0,4,4.0,5,4.0,0,1.5,0,0,16.0,0,5,7,8.0,0
732,12,2024,30490.0,4.0,4,1.0,4,4.0,0,3.6,0,0,16.0,0,25,18,8.0,0
733,22,2023,61006.0,6.0,4,5.0,0,3.0,2,3.6,0,0,24.0,1,14,17,9.0,0
734,12,2024,43684.0,4.0,4,1.0,4,4.0,0,3.6,1,0,16.0,0,25,18,8.0,0
735,6,2024,38954.0,6.0,4,8.0,3,4.0,2,3.6,0,0,24.0,0,17,17,9.0,0
736,9,2024,59466.0,8.0,4,0.0,4,4.0,1,3.6,0,0,16.0,0,25,17,10.0,0
737,8,2023,38036.0,4.0,4,4.0,0,4.0,2,3.6,0,0,16.0,1,52,17,8.0,0
738,24,2024,60573.0,6.0,5,1.0,4,4.0,1,3.4,0,0,16.0,0,22,17,10.0,0
739,22,2024,59620.0,8.0,4,0.0,4,4.0,1,3.6,0,0,16.0,0,47,0,8.0,0
740,14,2024,28860.0,4.0,4,7.0,5,4.0,1,3.6,1,0,16.0,0,21,4,8.0,0
741,12,2024,42295.0,0.0,3,0.0,5,4.0,3,3.6,0,0,16.0,0,36,12,8.0,0
742,14,2024,41230.0,4.0,4,9.0,5,4.0,1,3.6,0,0,16.0,0,49,4,8.0,0
743,14,2023,54210.0,6.0,4,0.0,4,4.0,1,3.6,0,0,24.0,1,33,17,8.0,0
744,12,2024,44565.0,0.0,3,7.0,5,4.0,0,3.6,0,0,16.0,0,36,12,1.0,0
745,12,2024,29111.0,4.0,4,11.0,5,4.0,2,3.6,0,0,16.0,0,36,14,8.0,1
747,15,2024,34635.0,4.0,4,1.0,5,4.0,2,3.6,0,0,16.0,0,41,20,8.0,0
748,8,2024,41045.0,4.0,4,4.0,4,4.0,0,3.6,1,0,16.0,0,25,17,8.0,0
749,14,2024,79487.0,6.0,4,18.0,5,4.0,1,3.6,1,0,24.0,0,44,23,8.0,0
750,25,2024,23160.0,4.0,4,13.0,6,4.0,2,3.6,0,0,16.0,0,0,17,8.0,0
751,14,2024,74366.0,6.0,4,4.0,5,4.0,1,3.6,1,0,24.0,0,7,24,8.0,0
752,12,2024,40979.0,4.0,5,12.0,5,4.0,0,3.6,1,1,16.0,0,22,22,6.0,0
753,8,2024,39025.0,4.0,4,5.0,5,4.0,0,2.0,0,0,16.0,0,35,17,8.0,0
754,12,2024,45269.0,0.0,3,4.0,5,4.0,0,3.6,0,0,16.0,0,36,12,1.0,0
755,14,2024,81160.0,6.0,4,4.0,5,4.0,1,3.6,1,0,24.0,0,44,24,8.0,0
756,21,2024,21195.0,4.0,4,0.0,6,4.0,2,3.6,0,0,16.0,0,25,17,8.0,1
757,14,2024,63440.0,4.0,5,5.0,5,4.0,1,3.6,1,1,16.0,0,7,9,8.0,0
758,12,2024,33969.0,4.0,4,0.0,5,4.0,2,3.6,1,0,16.0,0,22,14,8.0,0
759,8,2024,38598.0,4.0,4,10.0,5,4.0,0,2.0,0,0,16.0,0,36,17,8.0,0
760,9,2024,84405.0,8.0,4,12.0,4,4.0,1,3.6,0,0,16.0,0,25,17,10.0,0
761,14,2024,52810.0,6.0,4,5.0,5,4.0,1,3.6,0,0,24.0,0,22,8,8.0,0
762,5,2024,63145.0,6.0,0,5.0,4,4.0,1,3.6,1,0,24.0,0,25,19,10.0,0
763,9,2024,34940.0,4.0,4,0.0,5,4.0,0,3.6,1,0,16.0,0,25,17,9.0,0
764,7,2024,37498.0,4.0,4,12.0,5,4.0,0,2.0,0,0,16.0,0,13,11,8.0,0
765,22,2024,58950.0,6.0,0,12.0,4,4.0,1,3.6,1,0,24.0,0,47,1,6.0,0
767,7,2023,41890.0,6.0,4,18.0,6,4.0,0,3.6,0,0,24.0,1,42,3,8.0,0
768,14,2024,38000.0,4.0,4,10.0,5,4.0,1,3.6,0,0,16.0,0,49,4,8.0,0
770,14,2024,48201.0,6.0,4,10.0,5,4.0,1,3.6,0,0,16.0,0,20,10,8.0,0
771,1,2024,73360.0,4.0,4,12.0,5,4.0,0,3.6,0,0,16.0,0,25,17,7.0,0
773,22,2024,64111.0,6.0,0,6.0,4,4.0,1,6.7,1,0,16.0,0,48,1,8.0,0
774,15,2024,33590.0,4.0,4,12.0,5,4.0,2,3.6,0,0,16.0,0,17,17,8.0,0
775,13,2024,46855.0,4.0,4,11.0,5,4.0,2,2.0,0,0,16.0,0,25,17,8.0,2
776,14,2024,58779.0,6.0,4,10.0,5,4.0,1,3.6,0,0,16.0,0,22,10,8.0,0
777,23,2024,32490.0,4.0,4,5.0,5,4.0,0,3.6,0,0,16.0,0,27,17,8.0,1
780,21,2024,42155.0,6.0,4,6.0,5,4.0,1,3.6,0,0,16.0,0,25,17,8.0,0
781,8,2023,54525.0,6.0,4,0.0,0,3.0,3,3.6,1,0,24.0,1,25,17,10.0,0
782,14,2024,47030.0,6.0,4,5.0,5,4.0,1,3.6,0,0,16.0,0,20,8,8.0,0
783,14,2024,42425.0,6.0,4,5.0,5,4.0,1,3.6,0,0,16.0,0,20,8,8.0,0
784,7,2024,42436.0,4.0,4,18.0,5,4.0,0,3.6,1,0,16.0,0,25,11,9.0,0
785,14,2024,56015.0,6.0,4,8.0,5,4.0,1,3.6,0,0,16.0,0,22,10,8.0,0
786,0,2024,52350.0,6.0,4,16.0,5,4.0,0,3.6,0,0,24.0,0,7,15,10.0,0
787,15,2024,41991.0,0.0,3,13.0,5,4.0,0,3.6,0,0,16.0,0,50,17,8.0,0
788,11,2024,25950.0,4.0,4,14.0,5,4.0,2,3.6,0,0,16.0,0,17,17,8.0,0
789,11,2024,46350.0,6.0,4,0.0,5,4.0,0,3.6,0,0,24.0,0,25,17,9.0,0
790,11,2024,27450.0,4.0,4,5.0,5,4.0,0,3.6,0,0,16.0,0,17,17,8.0,0
792,15,2024,39935.0,4.0,4,12.0,5,4.0,0,3.6,0,0,16.0,0,25,20,8.0,0
793,15,2024,35435.0,4.0,4,16.0,5,4.0,0,3.6,0,0,16.0,0,51,20,8.0,0
794,14,2024,56119.0,4.0,5,20.0,5,4.0,1,3.6,1,1,16.0,0,7,9,8.0,0
795,7,2024,36810.0,4.0,4,15.0,5,4.0,0,3.6,1,0,16.0,0,12,11,9.0,0
796,7,2024,35585.0,4.0,4,0.0,5,4.0,0,2.0,0,0,16.0,0,13,11,8.0,0
797,12,2024,40375.0,4.0,4,1.0,4,4.0,0,3.6,1,0,16.0,0,25,18,8.0,0
798,14,2024,35835.0,4.0,4,14.0,5,4.0,1,3.6,1,0,16.0,0,21,4,8.0,0
799,12,2024,41720.0,4.0,5,10.0,5,4.0,0,3.6,1,1,16.0,0,22,22,6.0,0
800,12,2024,41720.0,4.0,5,10.0,5,4.0,0,3.6,1,1,16.0,0,22,22,6.0,0
802,1,2024,57835.0,4.0,4,12.0,2,4.0,0,3.6,1,0,16.0,0,25,17,7.0,0
804,22,2024,63609.0,6.0,0,13.0,4,4.0,1,3.6,1,0,24.0,0,47,1,8.0,0
805,8,2024,64025.0,6.0,4,0.0,0,3.0,0,3.6,0,0,16.0,0,7,17,8.0,0
806,22,2024,86420.0,6.0,0,10.0,4,4.0,1,3.6,1,0,24.0,0,18,1,8.0,0
807,22,2024,77525.0,8.0,4,0.0,4,4.0,1,3.6,0,0,16.0,0,8,0,8.0,0
808,7,2024,36195.0,4.0,4,5.0,5,4.0,0,3.6,1,0,16.0,0,12,11,9.0,0
809,5,2024,43475.0,4.0,4,2.0,4,4.0,1,3.6,1,0,16.0,0,25,19,8.0,0
810,15,2024,35040.0,4.0,4,1.0,5,4.0,0,3.6,0,0,16.0,0,51,20,8.0,0
811,14,2024,64434.0,6.0,4,20.0,5,4.0,1,3.6,0,0,16.0,0,7,23,8.0,0
813,4,2024,60310.0,0.0,3,4.0,5,4.0,0,3.6,0,0,16.0,0,23,17,1.0,0
816,20,2024,61276.0,4.0,0,10.0,0,3.0,3,3.6,1,0,16.0,0,25,17,9.0,0
819,8,2024,70115.0,6.0,4,8.0,5,4.0,1,3.6,1,0,24.0,0,52,17,10.0,0
820,14,2024,77522.0,6.0,4,10.0,5,4.0,1,3.6,1,0,24.0,0,44,24,8.0,0
821,14,2024,78655.0,4.0,5,5.0,5,4.0,1,3.6,1,1,16.0,0,25,9,8.0,0
822,21,2024,24105.0,4.0,4,12.0,5,4.0,2,3.6,0,0,16.0,0,38,13,8.0,1
823,3,2024,28000.0,3.0,4,5.0,5,4.0,2,3.6,1,0,12.0,0,25,17,6.0,0
824,15,2024,33390.0,4.0,4,10.0,5,4.0,2,3.6,0,0,16.0,0,41,20,8.0,0
825,14,2024,60884.0,4.0,5,2.0,5,4.0,1,3.6,1,1,16.0,0,49,9,8.0,0
826,7,2024,40880.0,4.0,4,24.0,5,4.0,0,2.0,0,0,16.0,0,13,11,8.0,0
827,7,2024,39555.0,4.0,4,1.0,5,4.0,0,3.6,1,0,16.0,0,12,11,9.0,0
828,8,2024,35077.0,3.0,4,14.0,5,4.0,1,1.5,0,0,16.0,0,25,17,8.0,0
829,4,2024,47290.0,4.0,4,3.0,5,4.0,0,3.6,0,0,16.0,0,23,17,8.0,0
830,14,2024,44759.0,6.0,4,6.0,5,4.0,1,3.6,0,0,24.0,0,22,8,8.0,0
831,5,2025,26190.0,6.0,4,1.0,5,4.0,2,3.6,0,0,16.0,-1,25,17,8.0,0
832,20,2024,53710.0,4.0,4,8.0,5,4.0,0,3.6,0,0,16.0,0,25,17,8.0,2
833,8,2024,86490.0,6.0,4,6.0,5,4.0,1,3.6,1,0,24.0,0,25,17,10.0,0
834,22,2024,84701.0,6.0,0,15.0,4,4.0,1,3.6,1,0,16.0,0,18,1,8.0,0
835,2,2024,88695.0,6.0,4,9.0,5,4.0,0,3.6,1,0,24.0,0,25,17,8.0,0
836,15,2024,33573.0,4.0,4,10.0,5,4.0,0,3.6,0,0,16.0,0,51,20,8.0,0
837,20,2024,69017.0,4.0,0,10.0,3,3.0,3,3.6,1,0,16.0,0,25,17,9.0,0
838,22,2024,60925.0,6.0,0,10.0,4,4.0,1,3.6,1,0,24.0,0,47,1,8.0,0
839,4,2024,73110.0,0.0,3,19.0,5,4.0,0,3.6,0,0,16.0,0,23,17,1.0,0
840,15,2024,51965.0,6.0,4,8.0,5,4.0,0,3.8,0,0,16.0,0,25,17,8.0,0
841,14,2024,74366.0,6.0,4,4.0,5,4.0,1,3.6,1,0,24.0,0,7,24,8.0,0
842,22,2024,63670.0,6.0,0,22.0,4,4.0,1,3.6,1,0,16.0,0,47,1,8.0,0
843,8,2024,35010.0,3.0,4,10.0,5,4.0,1,3.6,1,0,12.0,0,25,17,8.0,0
844,19,2024,49900.0,6.0,4,0.0,5,4.0,0,3.6,1,0,24.0,0,25,17,8.0,0
845,20,2024,75925.0,6.0,4,7.0,5,4.0,0,3.6,1,0,24.0,0,25,17,9.0,0
847,19,2024,58049.0,4.0,6,4.0,5,4.0,0,3.6,0,0,16.0,0,28,2,8.0,0
848,14,2024,49260.0,6.0,4,10.0,5,4.0,1,3.6,0,0,16.0,0,6,10,8.0,0
849,8,2024,52640.0,6.0,2,6.0,0,3.0,3,3.6,0,0,24.0,0,7,17,10.0,0
850,15,2024,38040.0,4.0,4,1.0,5,4.0,0,3.6,0,0,16.0,0,25,20,8.0,0
851,14,2024,49390.0,6.0,4,5.0,5,4.0,1,3.6,0,0,16.0,0,22,10,8.0,0
852,12,2024,32491.0,4.0,4,10.0,5,4.0,2,3.6,1,0,16.0,0,22,14,8.0,0
853,20,2024,51725.0,4.0,4,7.0,5,4.0,0,3.6,1,0,16.0,0,25,17,8.0,0
854,5,2024,58720.0,6.0,0,0.0,4,4.0,1,3.6,1,0,24.0,0,16,19,8.0,0
855,10,2024,60490.0,0.0,3,11.0,5,4.0,0,3.6,0,0,16.0,0,25,17,1.0,0
857,12,2024,37215.0,4.0,5,5.0,5,4.0,0,3.6,1,1,16.0,0,37,22,6.0,0
858,15,2024,32995.0,4.0,4,10.0,5,4.0,2,3.6,0,0,16.0,0,41,20,8.0,0
859,7,2023,47340.0,8.0,4,14.0,5,4.0,0,3.6,0,0,16.0,1,29,5,8.0,0
860,19,2024,54800.0,6.0,4,0.0,5,4.0,0,3.6,1,0,24.0,0,25,17,8.0,0
861,14,2024,49285.0,4.0,4,15.0,5,4.0,1,3.6,1,0,16.0,0,7,9,8.0,0
862,7,2024,49895.0,4.0,4,0.0,5,4.0,0,3.6,0,0,16.0,0,15,11,8.0,2
863,14,2024,28860.0,4.0,4,11.0,5,4.0,1,3.6,1,0,16.0,0,21,4,8.0,0
864,14,2024,63440.0,4.0,5,5.0,5,4.0,1,3.6,1,1,16.0,0,7,9,8.0,0
865,7,2024,57486.0,8.0,4,10.0,5,4.0,0,3.6,0,0,16.0,0,30,5,8.0,0
866,7,2024,40085.0,4.0,5,16.0,5,4.0,0,3.6,1,1,16.0,0,30,11,6.0,0
867,26,2024,57545.0,4.0,5,3.0,6,4.0,0,3.6,1,1,16.0,0,25,17,8.0,0
869,15,2023,44876.0,4.0,4,16.0,5,4.0,0,3.6,0,0,16.0,1,11,17,8.0,0
870,22,2024,64965.0,6.0,0,16.0,4,4.0,1,3.6,1,0,16.0,0,47,1,8.0,0
871,8,2024,38481.0,4.0,5,10.0,5,4.0,0,3.6,0,1,16.0,0,25,7,8.0,0
872,22,2024,77085.0,6.0,0,16.0,4,4.0,1,3.6,1,0,16.0,0,18,1,8.0,0
873,19,2024,58825.0,4.0,4,5.0,5,4.0,0,2.5,0,0,16.0,0,7,2,8.0,0
874,21,2024,26335.0,4.0,4,12.0,5,4.0,2,3.6,0,0,16.0,0,38,13,8.0,1
875,7,2024,49720.0,4.0,4,0.0,5,4.0,0,3.6,0,0,16.0,0,15,11,8.0,2
876,5,2024,50565.0,4.0,4,0.0,4,4.0,1,3.6,1,0,16.0,0,25,19,8.0,0
877,3,2024,31805.0,3.0,4,5.0,5,4.0,2,3.6,1,0,12.0,0,25,17,6.0,0
878,5,2024,38717.0,4.0,4,11.0,5,4.0,0,3.6,1,0,16.0,0,32,6,6.0,0
879,4,2024,50415.0,4.0,4,6.0,5,4.0,2,3.6,1,0,16.0,0,25,17,9.0,0
880,8,2024,50486.0,6.0,2,24.0,0,3.0,3,3.6,0,0,24.0,0,25,17,10.0,0
881,25,2024,32406.0,4.0,4,11.0,5,4.0,2,3.6,0,0,16.0,0,1,21,8.0,0
882,15,2024,40250.0,4.0,4,1.0,5,4.0,0,3.6,0,0,16.0,0,25,20,8.0,0
883,7,2023,47340.0,8.0,4,11.0,5,4.0,0,3.6,0,0,16.0,1,29,5,8.0,0
884,23,2024,29068.0,4.0,4,5.0,2,4.0,0,3.6,0,0,16.0,0,45,17,8.0,1
885,19,2025,54620.0,6.0,4,0.0,5,4.0,0,3.6,0,0,16.0,-1,25,17,8.0,0
886,6,2024,38954.0,6.0,4,5.0,3,4.0,2,3.6,0,0,24.0,0,17,17,9.0,0
887,14,2024,49842.0,6.0,4,5.0,5,4.0,1,3.6,0,0,24.0,0,22,8,8.0,0
888,21,2024,46510.0,6.0,4,6.0,5,4.0,0,3.6,0,0,24.0,0,25,17,8.0,1
889,12,2024,40933.0,4.0,5,7.0,5,4.0,0,3.6,1,1,16.0,0,22,22,6.0,0
890,2,2024,49395.0,4.0,4,5.0,5,4.0,3,3.6,0,0,16.0,0,25,17,8.0,0
891,14,2024,28265.0,4.0,4,7.0,5,4.0,1,3.6,1,0,16.0,0,21,4,8.0,0
892,22,2024,53750.0,8.0,4,0.0,4,2.0,1,4.0,0,0,16.0,0,25,0,8.0,0
893,23,2024,39822.0,4.0,4,5.0,5,4.0,0,3.6,0,0,16.0,0,22,17,8.0,1
894,14,2024,88135.0,6.0,4,21.0,5,4.0,1,3.6,1,0,24.0,0,44,24,8.0,0
895,8,2024,30798.0,3.0,4,8.0,5,4.0,2,3.6,1,0,12.0,0,39,7,8.0,0
896,26,2023,62240.0,0.0,3,0.0,5,4.0,0,3.6,0,0,16.0,1,25,17,8.0,0
897,14,2023,38300.0,4.0,4,24.0,5,4.0,1,3.6,0,0,16.0,1,49,4,8.0,0
898,25,2024,25311.0,4.0,4,5.0,5,4.0,0,3.6,1,0,16.0,0,25,21,7.0,0
899,14,2024,49201.0,6.0,4,10.0,5,4.0,1,3.6,0,0,16.0,0,20,10,8.0,0
900,25,2024,29386.0,4.0,4,11.0,5,4.0,0,3.6,1,0,16.0,0,1,21,7.0,0
901,14,2023,72835.0,6.0,4,20.0,5,4.0,1,3.6,1,0,24.0,1,7,24,8.0,0
902,25,2024,28994.0,4.0,4,6.0,5,4.0,0,3.6,1,0,16.0,0,1,21,7.0,0
903,7,2024,49895.0,4.0,4,0.0,5,4.0,0,3.6,0,0,16.0,0,15,11,8.0,2
905,8,2024,80374.0,6.0,4,13.0,5,4.0,1,3.6,1,0,24.0,0,22,17,10.0,0
906,22,2024,51380.0,6.0,4,10.0,0,3.0,2,3.6,0,0,24.0,0,25,17,9.0,0
907,7,2024,52180.0,4.0,4,0.0,5,4.0,0,3.6,0,0,16.0,0,15,11,8.0,2
908,25,2024,28998.0,4.0,4,11.0,5,4.0,0,3.6,1,0,16.0,0,1,21,7.0,0
909,21,2024,24979.0,4.0,4,5.0,5,4.0,2,3.6,0,0,16.0,0,40,13,8.0,1
910,8,2024,52530.0,6.0,2,1.0,0,3.0,3,3.6,0,0,24.0,0,25,17,10.0,0
911,12,2024,38201.0,0.0,3,12.0,5,4.0,3,3.6,0,0,16.0,0,35,12,8.0,0
912,22,2023,50245.0,6.0,4,0.0,0,3.0,2,3.6,0,0,16.0,1,14,17,8.0,0
913,15,2024,41528.0,0.0,3,13.0,5,4.0,0,3.6,0,0,16.0,0,50,17,8.0,0
915,23,2024,32098.0,4.0,4,5.0,2,4.0,0,3.6,0,0,16.0,0,32,17,8.0,1
916,14,2024,53791.0,4.0,5,11.0,5,4.0,1,3.6,1,1,16.0,0,7,9,8.0,0
917,14,2024,49139.0,6.0,4,10.0,5,4.0,1,3.6,0,0,16.0,0,20,10,8.0,0
918,8,2024,72135.0,6.0,4,7.0,5,4.0,1,3.6,1,0,24.0,0,52,17,10.0,0
919,11,2024,37965.0,4.0,4,0.0,5,4.0,0,3.6,1,0,16.0,0,25,17,8.0,1
920,15,2024,21000.0,4.0,4,5.0,2,4.0,2,3.6,0,0,16.0,0,34,17,8.0,0
921,12,2024,37335.0,4.0,5,1.0,5,4.0,0,1.6,0,0,16.0,0,37,22,6.0,0
922,15,2024,33785.0,4.0,4,1.0,5,4.0,0,3.6,0,0,16.0,0,51,20,8.0,0
923,6,2023,35994.0,6.0,4,10.0,6,4.0,3,3.6,0,0,24.0,1,25,17,8.0,0
924,9,2024,48268.0,8.0,4,3.0,4,2.0,3,3.6,0,0,16.0,0,25,17,10.0,0
925,7,2024,45141.0,4.0,5,5.0,5,4.0,0,3.6,1,1,16.0,0,31,11,6.0,0
927,21,2024,24430.0,4.0,4,12.0,5,4.0,2,3.6,0,0,16.0,0,38,13,8.0,1
928,21,2024,24430.0,4.0,4,12.0,5,4.0,2,3.6,0,0,16.0,0,38,13,8.0,1
929,21,2024,25080.0,4.0,4,12.0,5,4.0,2,3.6,0,0,16.0,0,38,13,8.0,1
930,20,2024,73960.0,4.0,4,5.0,6,4.0,0,3.6,1,0,16.0,0,25,17,9.0,0
931,14,2024,46659.0,6.0,4,10.0,5,4.0,1,3.6,0,0,16.0,0,20,10,8.0,0
932,7,2024,43490.0,4.0,5,18.0,5,4.0,0,3.6,1,1,16.0,0,30,11,6.0,0
933,7,2023,47280.0,8.0,4,22.0,5,4.0,0,3.6,0,0,16.0,1,29,5,8.0,0
934,22,2024,80927.0,6.0,0,11.0,4,4.0,1,6.7,1,0,16.0,0,19,1,8.0,0
935,5,2024,33977.0,4.0,4,6.0,5,4.0,0,3.6,1,0,16.0,0,2,6,6.0,0
937,8,2024,36550.0,4.0,4,4.0,4,4.0,0,3.6,1,0,16.0,0,52,17,8.0,0
938,12,2024,37805.0,4.0,5,10.0,5,4.0,0,3.6,1,1,16.0,0,37,22,6.0,0
939,14,2024,74625.0,6.0,4,10.0,5,4.0,1,3.6,1,0,24.0,0,44,23,8.0,0
941,7,2024,43613.0,4.0,5,5.0,5,4.0,0,3.6,1,1,16.0,0,31,11,6.0,0
942,14,2024,49836.0,6.0,4,7.0,5,4.0,1,3.6,0,0,16.0,0,6,10,8.0,0
943,12,2024,27555.0,4.0,4,0.0,5,4.0,0,3.6,0,0,16.0,0,35,14,8.0,1
944,8,2024,29305.0,3.0,4,10.0,5,4.0,2,3.6,1,0,12.0,0,5,7,8.0,0
945,8,2024,40015.0,4.0,4,2.0,5,4.0,0,3.6,1,0,16.0,0,35,17,8.0,0
946,15,2024,35195.0,4.0,4,10.0,5,4.0,2,3.6,0,0,16.0,0,25,20,8.0,0
947,15,2024,43439.0,0.0,3,14.0,5,4.0,0,3.6,0,0,16.0,0,50,17,8.0,0
948,8,2024,35615.0,3.0,4,0.0,5,4.0,1,3.6,0,0,16.0,0,25,17,8.0,0
949,15,2024,21070.0,4.0,4,5.0,6,4.0,2,3.6,0,0,16.0,0,25,17,8.0,1
950,21,2024,20842.0,4.0,4,4.0,6,4.0,2,3.6,0,0,16.0,0,34,17,8.0,1
951,8,2024,43685.0,4.0,4,8.0,5,4.0,3,3.6,1,0,16.0,0,52,17,10.0,0
952,14,2024,66770.0,6.0,4,20.0,5,4.0,1,3.6,1,0,24.0,0,7,24,8.0,0
953,22,2024,48822.0,6.0,4,12.0,0,3.0,2,3.6,0,0,24.0,0,25,17,9.0,0
954,12,2024,37220.0,4.0,5,5.0,5,4.0,0,3.6,1,1,16.0,0,37,22,6.0,0
956,12,2024,37309.0,4.0,5,5.0,5,4.0,0,3.6,1,1,16.0,0,37,22,6.0,0
957,14,2024,77314.0,4.0,5,6.0,5,4.0,1,3.6,1,1,16.0,0,25,9,8.0,0
958,14,2024,70312.0,4.0,5,24.0,5,4.0,1,3.6,1,1,16.0,0,25,9,8.0,0
959,14,2024,36331.0,4.0,4,17.0,5,4.0,1,3.6,1,0,16.0,0,21,4,8.0,0
960,14,2024,62343.0,4.0,5,11.0,5,4.0,1,3.6,1,1,16.0,0,7,9,8.0,0
962,12,2024,40835.0,4.0,5,16.0,5,4.0,0,1.6,0,0,16.0,0,22,22,8.0,0
963,14,2024,54620.0,6.0,4,5.0,4,4.0,1,3.6,0,0,24.0,0,45,17,8.0,0
964,14,2024,59674.0,6.0,4,8.0,5,4.0,1,3.6,0,0,16.0,0,22,10,8.0,0
965,22,2024,69315.0,6.0,0,0.0,4,4.0,1,3.6,1,0,24.0,0,47,0,8.0,0
966,20,2024,59037.0,4.0,0,10.0,0,3.0,3,3.6,1,0,16.0,0,25,17,9.0,0
967,7,2024,49720.0,4.0,4,0.0,5,4.0,0,3.6,0,0,16.0,0,15,11,8.0,2
968,14,2024,69085.0,6.0,4,20.0,5,4.0,1,3.6,1,0,24.0,0,7,23,8.0,0
969,21,2024,43495.0,6.0,4,6.0,5,4.0,0,3.6,0,0,16.0,0,25,17,8.0,0
